Workbook

Sheet 源表
A1: 类别 | B1: 机型 | C1: 图号 | D1: 批次号 | E1: 质量编号 | F1: 领料日期 | G1: 计划数量 | H1: 任务编号 | I1: 交付日期 | J1: 合格数量 | K1: 操作工 | L1: 单件工时 | M1: 总工时
A2: 钣铆 | B2: CB | C2: CB228545C-000-001 | D2: 05-109-110 | E2: 5P002 | F2: 44216 | G2: 2 | H2: 110403000201 | I2: 2021/1 | J2: 2 | K2: 刘德运 | L2: 3 | M2: 18
A3: 钣铆 | B3: J10C | C3: DD-J10-61052-270-Y | D3: 07-12-14 | E3: C7P003 | F3: 44214 | G3: 3 | H3: 110311000201 | I3: 2021/1 | J3: 3 | K3: 周靓 | L3: 3.5 | M3: 31.5
A4: 钣铆 | B4: FC1 | C4: BC22822A1-000-001 | D4: 03-3021-3027 | E4: 3P005 | F4: 44211 | G4: 7 | H4: 110204000201 | I4: 2021/1 | J4: 7 | K4: 李建宏 | L4: 6 | M4: 42
A5: 钣铆 | B5: J10C | C5: DD-J10-61031-50 | D5: 07-1-20 | E5: C7P001 | F5: 44214 | G5: 10 | H5: 110311000201 | I5: 2021/1 | J5: 10 | K5: 梁文科 | L5: 3 | M5: 30
A6: 钣铆 | B6: FC1 | C6: BC22822F2-000-001 | D6: 03-3022-3024 | E6: 3P004 | F6: 44214 | G6: 3 | H6: 110204000201 | I6: 2021/1 | J6: 3 | K6: 樊晓龙 | L6: 3 | M6: 27
A7: 钣铆 | B7: FC1 | C7: BC22822F1-000-001 | D7: 03-3023-3027 | E7: 3P005 | F7: 44211 | G7: 5 | H7: 110204000201 | I7: 2021/1 | J7: 5 | K7: 梁文科 | L7: 3 | M7: 15
A8: 钣铆 | B8: FC1 | C8: BC22822B5-000-001 | D8: 03-3016-3027 | E8: 3P002 | F8: 44211 | G8: 12 | H8: 110204000201 | I8: 2021/1 | J8: 12 | K8: 杨峰 | L8: 3 | M8: 36
A9: 钣铆 | B9: J10C | C9: DD-J10-61031-60 | D9: 07-1-6 | E9: C7P001 | F9: 44214 | G9: 6 | H9: 110311090201 | I9: 2021/1 | J9: 6 | K9: 邓长春 | L9: 4 | M9: 24
A10: 钣铆 | B10: J10C | C10: DD-J10-61041-280 | D10: 07-1-20 | E10: C7P001 | F10: 44214 | G10: 10 | H10: 110311000201 | I10: 2021/1 | J10: 10 | K10: 龙涛 | L10: 2.5 | M10: 25
A11: 钣铆 | B11: J10C | C11: DD-J10-61041-280 | D11: 07-1-20 | E11: C7P001-1 | F11: 44214 | G11: 10 | H11: 110311000201 | I11: 2021/1 | J11: 10 | K11: 曾礼杰 | L11: 2.5 | M11: 25
A12: 钣铆 | B12: J10C | C12: DD-J10-61031-120 | D12: 07-1-20 | E12: C7P001 | F12: 44214 | G12: 10 | H12: 110311000201 | I12: 2021/1 | J12: 10 | K12: 邓学永 | L12: 2 | M12: 20
A13: 钣铆 | B13: J10S | C13: DD-J10S-94021-1220-1H | D13: 04-15-22 | E13: 4P003 | F13: 44211 | G13: 8 | H13: 110304000201 | I13: 2021/1 | J13: 8 | K13: 刘强 | L13: 4 | M13: 32
... A395: 钣铆 | B395: J10S | C395: DD-J10-61052-440-Y | D395: 04-15-15 | E395: C4P004-1 | F395: 44182 | G395: 1 | H395: 110304000201 | I395: 2021/1 | J395: 1 | K395: 曾佳其 | L395: 2 | M395: 2

Sheet 透视
A3: 行标签 | B3: 求和项:合格数量 | C3: 求和项:总工时
A4: BC221T1BB-000-001H | B4: 5 | C4: 300 | D4: =VLOOKUP(A4,[1]导管成本!$B:$E,4,0)-C4 -> 0
A5: BC221T4MG-000-001 | B5: 3 | C5: 45 | D5: =VLOOKUP(A5,[1]导管成本!$B:$E,4,0)-C5 -> 0
A6: BC22811A3-000-001 | B6: 3 | C6: 54 | D6: =VLOOKUP(A6,[1]导管成本!$B:$E,4,0)-C6 -> 0
A7: BC2281632-000-001 | B7: 7 | C7: 39 | D7: =VLOOKUP(A7,[1]导管成本!$B:$E,4,0)-C7 -> 0
A8: BC2281633-000-001 | B8: 4 | C8: 96 | D8: =VLOOKUP(A8,[1]导管成本!$B:$E,4,0)-C8 -> 0
A9: BC2281634-000-001 | B9: 10 | C9: 36 | D9: =VLOOKUP(A9,[1]导管成本!$B:$E,4,0)-C9 -> 0
A10: BC2281652-000-007 | B10: 10 | C10: 40 | D10: =VLOOKUP(A10,[1]导管成本!$B:$E,4,0)-C10 -> 0
A11: BC2281658-000-005 | B11: 3 | C11: 27 | D11: =VLOOKUP(A11,[1]导管成本!$B:$E,4,0)-C11 -> 0
A12: BC228165C-000-003 | B12: 10 | C12: 90 | D12: =VLOOKUP(A12,[1]导管成本!$B:$E,4,0)-C12 -> 0
A13: BC22816Y2-000-002 | B13: 1 | C13: 15 | D13: =VLOOKUP(A13,[1]导管成本!$B:$E,4,0)-C13 -> 0
A14: BC22821A3-000-001 | B14: 1 | C14: 39 | D14: =VLOOKUP(A14,[1]导管成本!$B:$E,4,0)-C14 -> 0
A15: BC22822A1-000-001 | B15: 7 | C15: 42 | D15: =VLOOKUP(A15,[1]导管成本!$B:$E,4,0)-C15 -> 0
... A258: GU2285558-000-001 | B258: 4 | C258: 20 | D258: =VLOOKUP(A258,[1]导管成本!$B:$E,4,0)-C258 -> 0
A259: 总计 | B259: 2566 | C259: 12451.8
