Workbook

Sheet 数据源
A1: 日 期 | B1: 班次 | C1: 机床号 | D1: 图 号 | E1: 零件名称 | F1: 校对 | G1: 版次 | H1: 工 序 | I1: 工序内容 | J1: 计划数量 | K1: 完成数量 | L1: 首检 | M1: 批检 | N1: 质量编号 | O1: 输入程序时间 | P1: 程序时间 | Q1: 准备工时 | R1: 输入准备工时 | S1: 调序 | T1: 辅助工时 | U1: 合计 | V1: 操作者 | W1: 备注 | X1: 负责人签字
A2: 1/3 | D2: CB2284460-007-001 | E2: 四通接头 | F2: =+VLOOKUP(D2,[1]Sheet1!$D$2:$E$29166,2,0) -> 四通接头 | G2: B | H2: 65 | I2: =INDEX([2]Sheet1!$F$1:$AF$65808,MATCH(D2&G2&I$1,[2]Sheet1!$B$1:$B$65808&[2]Sheet1!$D$1:$D$65808&[2]Sheet1!$E$1:$E$65808,0),MATCH(H2,[2]Sheet1!$F$1:$AF$1,0)) -> #VALUE! | J2: 8 | K2: 8 | L2: 8 | M2: 8 | N2: 6P001 6P003 | P2: {=IFERROR(INDEX([2]Sheet1!$F$1:$AF$65808,MATCH($D2&$G2&P$1,[2]Sheet1!$B$1:$B$65808&[2]Sheet1!$D$1:$D$65808&[2]Sheet1!$E$1:$E$65808,0),MATCH($H2,[2]Sheet1!$F$1:$AF$1,0)),0)} -> 35 | U2: =ROUND((K2*P2+Q2*S2)/60+T2,1) -> 4.7 | V2: 毛波
A3: 1/4 | D3: DD-J10-21102-33-Z | E3: 10460上接头 | F3: =+VLOOKUP(D3,[1]Sheet1!$D$2:$E$29166,2,0) -> 10460上接头 | G3: D | H3: 40 | I3: {=INDEX([2]Sheet1!$F$1:$AF$65808,MATCH(D3&G3&I$1,[2]Sheet1!$B$1:$B$65808&[2]Sheet1!$D$1:$D$65808&[2]Sheet1!$E$1:$E$65808,0),MATCH(H3,[2]Sheet1!$F$1:$AF$1,0))} -> 40/钳工 | J3: 2 | K3: 2 | L3: 30 | M3: 30 | N3: C7P007-C7P008 | P3: {=IFERROR(INDEX([2]Sheet1!$F$1:$AF$65808,MATCH($D3&$G3&P$1,[2]Sheet1!$B$1:$B$65808&[2]Sheet1!$D$1:$D$65808&[2]Sheet1!$E$1:$E$65808,0),MATCH($H3,[2]Sheet1!$F$1:$AF$1,0)),0)} -> 15 | U3: =ROUND((K3*P3+Q3*S3)/60+T3,1) -> 0.5 | V3: 毛波
A4: 1/5 | D4: CB221T3LG-002-001 | E4: 接头 | F4: =+VLOOKUP(D4,[1]Sheet1!$D$2:$E$29166,2,0) -> 接头 | G4: B | H4: 10 | I4: {=INDEX([2]Sheet1!$F$1:$AF$65808,MATCH(D4&G4&I$1,[2]Sheet1!$B$1:$B$65808&[2]Sheet1!$D$1:$D$65808&[2]Sheet1!$E$1:$E$65808,0),MATCH(H4,[2]Sheet1!$F$1:$AF$1,0))} -> 10/钳工 | J4: 5 | K4: 5 | L4: 8 | M4: 8 | N4: 6P001 | P4: {=IFERROR(INDEX([2]Sheet1!$F$1:$AF$65808,MATCH($D4&$G4&P$1,[2]Sheet1!$B$1:$B$65808&[2]Sheet1!$D$1:$D$65808&[2]Sheet1!$E$1:$E$65808,0),MATCH($H4,[2]Sheet1!$F$1:$AF$1,0)),0)} -> 15 | U4: =ROUND((K4*P4+Q4*S4)/60+T4,1) -> 1.3 | V4: 毛波 | W4: Q 去毛刺 打钢印 5根料
A5: 1/7 | D5: CB22836Y6-003-001 | E5: 轴 | F5: =+VLOOKUP(D5,[1]Sheet1!$D$2:$E$29166,2,0) -> 轴 | G5: B | H5: 15 | I5: {=INDEX([2]Sheet1!$F$1:$AF$65808,MATCH(D5&G5&I$1,[2]Sheet1!$B$1:$B$65808&[2]Sheet1!$D$1:$D$65808&[2]Sheet1!$E$1:$E$65808,0),MATCH(H5,[2]Sheet1!$F$1:$AF$1,0))} -> 15/钳工 | J5: 2 | K5: 2 | L5: 8 | M5: 8 | N5: 1P004 2P004 | P5: {=IFERROR(INDEX([2]Sheet1!$F$1:$AF$65808,MATCH($D5&$G5&P$1,[2]Sheet1!$B$1:$B$65808&[2]Sheet1!$D$1:$D$65808&[2]Sheet1!$E$1:$E$65808,0),MATCH($H5,[2]Sheet1!$F$1:$AF$1,0)),0)} -> 4 | U5: =ROUND((K5*P5+Q5*S5)/60+T5,1) -> 0.1 | V5: 毛波
A6: 1/7 | D6: CB2283664-002-001 | E6: 法兰 | F6: =+VLOOKUP(D6,[1]Sheet1!$D$2:$E$29166,2,0) -> 法兰 | G6: C | H6: 35 | I6: {=INDEX([2]Sheet1!$F$1:$AF$65808,MATCH(D6&G6&I$1,[2]Sheet1!$B$1:$B$65808&[2]Sheet1!$D$1:$D$65808&[2]Sheet1!$E$1:$E$65808,0),MATCH(H6,[2]Sheet1!$F$1:$AF$1,0))} -> 35/钳工 | J6: 80 | K6: 80 | L6: 8 | M6: 8 | N6: 6P001 | P6: {=IFERROR(INDEX([2]Sheet1!$F$1:$AF$65808,MATCH($D6&$G6&P$1,[2]Sheet1!$B$1:$B$65808&[2]Sheet1!$D$1:$D$65808&[2]Sheet1!$E$1:$E$65808,0),MATCH($H6,[2]Sheet1!$F$1:$AF$1,0)),0)} -> 25 | U6: =ROUND((K6*P6+Q6*S6)/60+T6,1) -> 33.3 | V6: 毛波
A7: 1/8 | D7: DD-J10-21102-32-Y | E7: 10060下接头 | F7: =+VLOOKUP(D7,[1]Sheet1!$D$2:$E$29166,2,0) -> 10060下接头 | G7: D | H7: 40 | I7: {=INDEX([2]Sheet1!$F$1:$AF$65808,MATCH(D7&G7&I$1,[2]Sheet1!$B$1:$B$65808&[2]Sheet1!$D$1:$D$65808&[2]Sheet1!$E$1:$E$65808,0),MATCH(H7,[2]Sheet1!$F$1:$AF$1,0))} -> 40/钳工 | J7: 2 | K7: 2 | L7: 30 | M7: 30 | N7: C7P001 C7P002 | P7: {=IFERROR(INDEX([2]Sheet1!$F$1:$AF$65808,MATCH($D7&$G7&P$1,[2]Sheet1!$B$1:$B$65808&[2]Sheet1!$D$1:$D$65808&[2]Sheet1!$E$1:$E$65808,0),MATCH($H7,[2]Sheet1!$F$1:$AF$1,0)),0)} -> 15 | U7: =ROUND((K7*P7+Q7*S7)/60+T7,1) -> 0.5 | V7: 毛波
A8: 1/8 | D8: CB5350500-010L006 | E8: 1号护板维型肋左件 | F8: =+VLOOKUP(D8,[1]Sheet1!$D$2:$E$29166,2,0) -> 1号护板维型肋左件 | G8: B | H8: 35 | I8: {=INDEX([2]Sheet1!$F$1:$AF$65808,MATCH(D8&G8&I$1,[2]Sheet1!$B$1:$B$65808&[2]Sheet1!$D$1:$D$65808&[2]Sheet1!$E$1:$E$65808,0),MATCH(H8,[2]Sheet1!$F$1:$AF$1,0))} -> 35/钳工 | J8: 23 | K8: 23 | L8: 8 | M8: 8 | N8: 6P001 | P8: {=IFERROR(INDEX([2]Sheet1!$F$1:$AF$65808,MATCH($D8&$G8&P$1,[2]Sheet1!$B$1:$B$65808&[2]Sheet1!$D$1:$D$65808&[2]Sheet1!$E$1:$E$65808,0),MATCH($H8,[2]Sheet1!$F$1:$AF$1,0)),0)} -> 45 | U8: =ROUND((K8*P8+Q8*S8)/60+T8,1) -> 17.3 | V8: 毛波
A9: 1/9 | D9: CB2747GA0-002-002 | E9: 扩压式管接头 | F9: =+VLOOKUP(D9,[1]Sheet1!$D$2:$E$29166,2,0) -> 扩压式管接头 | G9: C | H9: 45 | I9: {=INDEX([2]Sheet1!$F$1:$AF$65808,MATCH(D9&G9&I$1,[2]Sheet1!$B$1:$B$65808&[2]Sheet1!$D$1:$D$65808&[2]Sheet1!$E$1:$E$65808,0),MATCH(H9,[2]Sheet1!$F$1:$AF$1,0))} -> 45/钳工 | J9: 30 | K9: 30 | L9: 8 | M9: 8 | N9: 6P001 | P9: {=IFERROR(INDEX([2]Sheet1!$F$1:$AF$65808,MATCH($D9&$G9&P$1,[2]Sheet1!$B$1:$B$65808&[2]Sheet1!$D$1:$D$65808&[2]Sheet1!$E$1:$E$65808,0),MATCH($H9,[2]Sheet1!$F$1:$AF$1,0)),0)} -> 40 | U9: =ROUND((K9*P9+Q9*S9)/60+T9,1) -> 20 | V9: 毛波
A10: 1/11 | D10: DD-J10B-94076-2031/3 | E10: 接管嘴 | F10: =+VLOOKUP(D10,[1]Sheet1!$D$2:$E$29166,2,0) -> 接管嘴 | G10: B | H10: 35 | I10: {=INDEX([2]Sheet1!$F$1:$AF$65808,MATCH(D10&G10&I$1,[2]Sheet1!$B$1:$B$65808&[2]Sheet1!$D$1:$D$65808&[2]Sheet1!$E$1:$E$65808,0),MATCH(H10,[2]Sheet1!$F$1:$AF$1,0))} -> 35/钳工 | J10: 29 | K10: 29 | L10: 8 | M10: 8 | N10: 6P003 6P005 | P10: {=IFERROR(INDEX([2]Sheet1!$F$1:$AF$65808,MATCH($D10&$G10&P$1,[2]Sheet1!$B$1:$B$65808&[2]Sheet1!$D$1:$D$65808&[2]Sheet1!$E$1:$E$65808,0),MATCH($H10,[2]Sheet1!$F$1:$AF$1,0)),0)} -> 35 | U10: =ROUND((K10*P10+Q10*S10)/60+T10,1) -> 16.9 | V10: 毛波
A11: 1/11 | D11: 5317C23409G70 | E11: 立柱加强接头 | F11: =+VLOOKUP(D11,[1]Sheet1!$D$2:$E$29166,2,0) -> 立柱加强接头 | G11: A | H11: 35 | I11: {=INDEX([2]Sheet1!$F$1:$AF$65808,MATCH(D11&G11&I$1,[2]Sheet1!$B$1:$B$65808&[2]Sheet1!$D$1:$D$65808&[2]Sheet1!$E$1:$E$65808,0),MATCH(H11,[2]Sheet1!$F$1:$AF$1,0))} -> 35钳工 | J11: 9 | K11: 9 | L11: 8 | M11: 8 | N11: 3A | P11: {=IFERROR(INDEX([2]Sheet1!$F$1:$AF$65808,MATCH($D11&$G11&P$1,[2]Sheet1!$B$1:$B$65808&[2]Sheet1!$D$1:$D$65808&[2]Sheet1!$E$1:$E$65808,0),MATCH($H11,[2]Sheet1!$F$1:$AF$1,0)),0)} -> 50 | U11: =ROUND((K11*P11+Q11*S11)/60+T11,1) -> 7.5 | V11: 毛波
A12: 1/12 | D12: DD-J10B-94076-501-Y | E12: 拉杆支座 | F12: =+VLOOKUP(D12,[1]Sheet1!$D$2:$E$29166,2,0) -> 拉杆支座 | G12: B | H12: 80 | I12: {=INDEX([2]Sheet1!$F$1:$AF$65808,MATCH(D12&G12&I$1,[2]Sheet1!$B$1:$B$65808&[2]Sheet1!$D$1:$D$65808&[2]Sheet1!$E$1:$E$65808,0),MATCH(H12,[2]Sheet1!$F$1:$AF$1,0))} -> 80/检验 | J12: 12 | K12: 12 | L12: 8 | M12: 8 | N12: 6P005 | P12: {=IFERROR(INDEX([2]Sheet1!$F$1:$AF$65808,MATCH($D12&$G12&P$1,[2]Sheet1!$B$1:$B$65808&[2]Sheet1!$D$1:$D$65808&[2]Sheet1!$E$1:$E$65808,0),MATCH($H12,[2]Sheet1!$F$1:$AF$1,0)),0)} -> 0 | U12: =ROUND((K12*P12+Q12*S12)/60+T12,1) -> 0 | V12: 毛波
A13: 1/12 | D13: DD-J10B-61041-18 | E13: 管接头 | F13: =+VLOOKUP(D13,[1]Sheet1!$D$2:$E$29166,2,0) -> 管接头 | G13: C | H13: 35 | I13: {=INDEX([2]Sheet1!$F$1:$AF$65808,MATCH(D13&G13&I$1,[2]Sheet1!$B$1:$B$65808&[2]Sheet1!$D$1:$D$65808&[2]Sheet1!$E$1:$E$65808,0),MATCH(H13,[2]Sheet1!$F$1:$AF$1,0))} -> 35/钳工 | J13: 60 | K13: 60 | L13: 8 | M13: 8 | N13: 6P004 | P13: {=IFERROR(INDEX([2]Sheet1!$F$1:$AF$65808,MATCH($D13&$G13&P$1,[2]Sheet1!$B$1:$B$65808&[2]Sheet1!$D$1:$D$65808&[2]Sheet1!$E$1:$E$65808,0),MATCH($H13,[2]Sheet1!$F$1:$AF$1,0)),0)} -> 30 | U13: =ROUND((K13*P13+Q13*S13)/60+T13,1) -> 30 | V13: 毛波
A14: 1/13 | D14: CB5811100-010-001 | E14: 螺栓 | F14: =+VLOOKUP(D14,[1]Sheet1!$D$2:$E$29166,2,0) -> 螺栓 | G14: C | H14: 50 | I14: {=INDEX([2]Sheet1!$F$1:$AF$65808,MATCH(D14&G14&I$1,[2]Sheet1!$B$1:$B$65808&[2]Sheet1!$D$1:$D$65808&[2]Sheet1!$E$1:$E$65808,0),MATCH(H14,[2]Sheet1!$F$1:$AF$1,0))} -> 50/钳工 | J14: 20 | K14: 20 | L14: 8 | M14: 8 | N14: 6P001 | P14: {=IFERROR(INDEX([2]Sheet1!$F$1:$AF$65808,MATCH($D14&$G14&P$1,[2]Sheet1!$B$1:$B$65808&[2]Sheet1!$D$1:$D$65808&[2]Sheet1!$E$1:$E$65808,0),MATCH($H14,[2]Sheet1!$F$1:$AF$1,0)),0)} -> 25 | U14: =ROUND((K14*P14+Q14*S14)/60+T14,1) -> 8.3 | V14: 毛波
A15: 1/13 | D15: C256300800-003-001 | E15: 垫圈 | F15: =+VLOOKUP(D15,[1]Sheet1!$D$2:$E$29166,2,0) -> 垫圈 | G15: A | H15: 10 | I15: {=INDEX([2]Sheet1!$F$1:$AF$65808,MATCH(D15&G15&I$1,[2]Sheet1!$B$1:$B$65808&[2]Sheet1!$D$1:$D$65808&[2]Sheet1!$E$1:$E$65808,0),MATCH(H15,[2]Sheet1!$F$1:$AF$1,0))} -> 10钳工 | J15: 2 | K15: 2 | L15: 8 | M15: 8 | N15: 00P001 | P15: {=IFERROR(INDEX([2]Sheet1!$F$1:$AF$65808,MATCH($D15&$G15&P$1,[2]Sheet1!$B$1:$B$65808&[2]Sheet1!$D$1:$D$65808&[2]Sheet1!$E$1:$E$65808,0),MATCH($H15,[2]Sheet1!$F$1:$AF$1,0)),0)} -> 4 | U15: =ROUND((K15*P15+Q15*S15)/60+T15,1) -> 0.1 | V15: 毛波 | W15: D 打钢印 2根料
A16: 1/13 | D16: 5319C96017G70 | E16: 短框连接块 | F16: =+VLOOKUP(D16,[1]Sheet1!$D$2:$E$29166,2,0) -> 短框连接块 | G16: A | H16: 30 | I16: {=INDEX([2]Sheet1!$F$1:$AF$65808,MATCH(D16&G16&I$1,[2]Sheet1!$B$1:$B$65808&[2]Sheet1!$D$1:$D$65808&[2]Sheet1!$E$1:$E$65808,0),MATCH(H16,[2]Sheet1!$F$1:$AF$1,0))} -> 30/钳工 | J16: 8 | K16: 8 | L16: 8 | M16: 8 | N16: 3A | P16: {=IFERROR(INDEX([2]Sheet1!$F$1:$AF$65808,MATCH($D16&$G16&P$1,[2]Sheet1!$B$1:$B$65808&[2]Sheet1!$D$1:$D$65808&[2]Sheet1!$E$1:$E$65808,0),MATCH($H16,[2]Sheet1!$F$1:$AF$1,0)),0)} -> 50 | U16: =ROUND((K16*P16+Q16*S16)/60+T16,1) -> 6.7 | V16: 毛波
A17: 1/13 | D17: DD-J10-21102-32-Y | E17: 10060下接头 | F17: =+VLOOKUP(D17,[1]Sheet1!$D$2:$E$29166,2,0) -> 10060下接头 | G17: D | H17: 40 | I17: {=INDEX([2]Sheet1!$F$1:$AF$65808,MATCH(D17&G17&I$1,[2]Sheet1!$B$1:$B$65808&[2]Sheet1!$D$1:$D$65808&[2]Sheet1!$E$1:$E$65808,0),MATCH(H17,[2]Sheet1!$F$1:$AF$1,0))} -> 40/钳工 | J17: 6 | K17: 6 | L17: 30 | M17: 30 | N17: C7P003-C7P008 | P17: {=IFERROR(INDEX([2]Sheet1!$F$1:$AF$65808,MATCH($D17&$G17&P$1,[2]Sheet1!$B$1:$B$65808&[2]Sheet1!$D$1:$D$65808&[2]Sheet1!$E$1:$E$65808,0),MATCH($H17,[2]Sheet1!$F$1:$AF$1,0)),0)} -> 15 | U17: =ROUND((K17*P17+Q17*S17)/60+T17,1) -> 1.5 | V17: 毛波
A18: 1/14 | D18: DD-J10-61101-5001/16 | E18: 管接头 | F18: =+VLOOKUP(D18,[1]Sheet1!$D$2:$E$29166,2,0) -> 管接头 | G18: C | H18: 35 | I18: {=INDEX([2]Sheet1!$F$1:$AF$65808,MATCH(D18&G18&I$1,[2]Sheet1!$B$1:$B$65808&[2]Sheet1!$D$1:$D$65808&[2]Sheet1!$E$1:$E$65808,0),MATCH(H18,[2]Sheet1!$F$1:$AF$1,0))} -> 35/钳工 | J18: 20 | K18: 20 | L18: 8 | M18: 8 | N18: C6P004 | P18: {=IFERROR(INDEX([2]Sheet1!$F$1:$AF$65808,MATCH($D18&$G18&P$1,[2]Sheet1!$B$1:$B$65808&[2]Sheet1!$D$1:$D$65808&[2]Sheet1!$E$1:$E$65808,0),MATCH($H18,[2]Sheet1!$F$1:$AF$1,0)),0)} -> 30 | U18: =ROUND((K18*P18+Q18*S18)/60+T18,1) -> 10 | V18: 毛波
A19: 1/15 | D19: DD-J10-61052-172 | E19: 接管嘴 | F19: =+VLOOKUP(D19,[1]Sheet1!$D$2:$E$29166,2,0) -> 接管嘴 | G19: B | H19: 30 | I19: {=INDEX([2]Sheet1!$F$1:$AF$65808,MATCH(D19&G19&I$1,[2]Sheet1!$B$1:$B$65808&[2]Sheet1!$D$1:$D$65808&[2]Sheet1!$E$1:$E$65808,0),MATCH(H19,[2]Sheet1!$F$1:$AF$1,0))} -> 30/钳工 | J19: 60 | K19: 60 | L19: 8 | M19: 8 | N19: C6P005 | P19: {=IFERROR(INDEX([2]Sheet1!$F$1:$AF$65808,MATCH($D19&$G19&P$1,[2]Sheet1!$B$1:$B$65808&[2]Sheet1!$D$1:$D$65808&[2]Sheet1!$E$1:$E$65808,0),MATCH($H19,[2]Sheet1!$F$1:$AF$1,0)),0)} -> 25 | U19: =ROUND((K19*P19+Q19*S19)/60+T19,1) -> 25 | V19: 毛波
A20: 1/15 | D20: C221069811-001-001 | E20: 平管嘴 | F20: =+VLOOKUP(D20,[1]Sheet1!$D$2:$E$29166,2,0) -> 平管嘴 | G20: A | H20: 10 | I20: {=INDEX([2]Sheet1!$F$1:$AF$65808,MATCH(D20&G20&I$1,[2]Sheet1!$B$1:$B$65808&[2]Sheet1!$D$1:$D$65808&[2]Sheet1!$E$1:$E$65808,0),MATCH(H20,[2]Sheet1!$F$1:$AF$1,0))} -> 10钳工 | J20: 14 | K20: 14 | L20: 8 | M20: 8 | N20: 00P001 00P002 | P20: {=IFERROR(INDEX([2]Sheet1!$F$1:$AF$65808,MATCH($D20&$G20&P$1,[2]Sheet1!$B$1:$B$65808&[2]Sheet1!$D$1:$D$65808&[2]Sheet1!$E$1:$E$65808,0),MATCH($H20,[2]Sheet1!$F$1:$AF$1,0)),0)} -> 4 | U20: =ROUND((K20*P20+Q20*S20)/60+T20,1) -> 0.9 | V20: 毛波
A21: 1/16 | D21: CB5811100-010-001 | E21: 螺栓 | F21: =+VLOOKUP(D21,[1]Sheet1!$D$2:$E$29166,2,0) -> 螺栓 | G21: C | H21: 70 | I21: {=INDEX([2]Sheet1!$F$1:$AF$65808,MATCH(D21&G21&I$1,[2]Sheet1!$B$1:$B$65808&[2]Sheet1!$D$1:$D$65808&[2]Sheet1!$E$1:$E$65808,0),MATCH(H21,[2]Sheet1!$F$1:$AF$1,0))} -> 0 | J21: 20 | K21: 20 | L21: 8 | M21: 8 | N21: 6P001 | P21: {=IFERROR(INDEX([2]Sheet1!$F$1:$AF$65808,MATCH($D21&$G21&P$1,[2]Sheet1!$B$1:$B$65808&[2]Sheet1!$D$1:$D$65808&[2]Sheet1!$E$1:$E$65808,0),MATCH($H21,[2]Sheet1!$F$1:$AF$1,0)),0)} -> 0 | U21: =ROUND((K21*P21+Q21*S21)/60+T21,1) -> 0 | V21: 毛波
A22: 1/16 | D22: CB221T2LN-001-001 | E22: 接管嘴 | F22: =+VLOOKUP(D22,[1]Sheet1!$D$2:$E$29166,2,0) -> 接管嘴 | G22: B | H22: 35 | I22: {=INDEX([2]Sheet1!$F$1:$AF$65808,MATCH(D22&G22&I$1,[2]Sheet1!$B$1:$B$65808&[2]Sheet1!$D$1:$D$65808&[2]Sheet1!$E$1:$E$65808,0),MATCH(H22,[2]Sheet1!$F$1:$AF$1,0))} -> 35/钳工 | J22: 19 | K22: 19 | L22: 8 | M22: 8 | N22: 6P001 | P22: {=IFERROR(INDEX([2]Sheet1!$F$1:$AF$65808,MATCH($D22&$G22&P$1,[2]Sheet1!$B$1:$B$65808&[2]Sheet1!$D$1:$D$65808&[2]Sheet1!$E$1:$E$65808,0),MATCH($H22,[2]Sheet1!$F$1:$AF$1,0)),0)} -> 15 | U22: =ROUND((K22*P22+Q22*S22)/60+T22,1) -> 4.8 | V22: 毛波
A23: 1/16 | D23: BC221T1BB-001-001 | E23: 法兰 | F23: =+VLOOKUP(D23,[1]Sheet1!$D$2:$E$29166,2,0) -> 法兰 | G23: C | H23: 50 | I23: {=INDEX([2]Sheet1!$F$1:$AF$65808,MATCH(D23&G23&I$1,[2]Sheet1!$B$1:$B$65808&[2]Sheet1!$D$1:$D$65808&[2]Sheet1!$E$1:$E$65808,0),MATCH(H23,[2]Sheet1!$F$1:$AF$1,0))} -> 50/钳工 | J23: 2 | K23: 2 | L23: 8 | M23: 8 | N23: 2P004 | P23: {=IFERROR(INDEX([2]Sheet1!$F$1:$AF$65808,MATCH($D23&$G23&P$1,[2]Sheet1!$B$1:$B$65808&[2]Sheet1!$D$1:$D$65808&[2]Sheet1!$E$1:$E$65808,0),MATCH($H23,[2]Sheet1!$F$1:$AF$1,0)),0)} -> 50 | U23: =ROUND((K23*P23+Q23*S23)/60+T23,1) -> 1.7 | V23: 毛波
A24: 1/16 | D24: DD-J10B-61201-12 | E24: 接头 | F24: =+VLOOKUP(D24,[1]Sheet1!$D$2:$E$29166,2,0) -> 接头 | G24: E | H24: 35 | I24: {=INDEX([2]Sheet1!$F$1:$AF$65808,MATCH(D24&G24&I$1,[2]Sheet1!$B$1:$B$65808&[2]Sheet1!$D$1:$D$65808&[2]Sheet1!$E$1:$E$65808,0),MATCH(H24,[2]Sheet1!$F$1:$AF$1,0))} -> 35/钳工 | J24: 21 | K24: 21 | L24: 8 | M24: 8 | N24: 7P003 | P24: {=IFERROR(INDEX([2]Sheet1!$F$1:$AF$65808,MATCH($D24&$G24&P$1,[2]Sheet1!$B$1:$B$65808&[2]Sheet1!$D$1:$D$65808&[2]Sheet1!$E$1:$E$65808,0),MATCH($H24,[2]Sheet1!$F$1:$AF$1,0)),0)} -> 20 | U24: =ROUND((K24*P24+Q24*S24)/60+T24,1) -> 7 | V24: 毛波
A25: 1/18 | D25: DD-J10B-94091-24G2 | E25: 20-28变径直通接头 | F25: =+VLOOKUP(D25,[1]Sheet1!$D$2:$E$29166,2,0) -> 20-28变径直通接头 | G25: B | H25: 10 | I25: {=INDEX([2]Sheet1!$F$1:$AF$65808,MATCH(D25&G25&I$1,[2]Sheet1!$B$1:$B$65808&[2]Sheet1!$D$1:$D$65808&[2]Sheet1!$E$1:$E$65808,0),MATCH(H25,[2]Sheet1!$F$1:$AF$1,0))} -> 10/钳毛刺 | J25: 20 | K25: 20 | L25: 8 | M25: 8 | N25: 6P004 | P25: {=IFERROR(INDEX([2]Sheet1!$F$1:$AF$65808,MATCH($D25&$G25&P$1,[2]Sheet1!$B$1:$B$65808&[2]Sheet1!$D$1:$D$65808&[2]Sheet1!$E$1:$E$65808,0),MATCH($H25,[2]Sheet1!$F$1:$AF$1,0)),0)} -> 10 | U25: =ROUND((K25*P25+Q25*S25)/60+T25,1) -> 3.3 | V25: 毛波
A26: 1/18 | D26: 5319C22035G70 | E26: 支架 | F26: =+VLOOKUP(D26,[1]Sheet1!$D$2:$E$29166,2,0) -> 支架 | G26: A | H26: 25 | I26: {=INDEX([2]Sheet1!$F$1:$AF$65808,MATCH(D26&G26&I$1,[2]Sheet1!$B$1:$B$65808&[2]Sheet1!$D$1:$D$65808&[2]Sheet1!$E$1:$E$65808,0),MATCH(H26,[2]Sheet1!$F$1:$AF$1,0))} -> 25钳工 | J26: 4 | K26: 4 | L26: 8 | M26: 8 | N26: 3A | P26: {=IFERROR(INDEX([2]Sheet1!$F$1:$AF$65808,MATCH($D26&$G26&P$1,[2]Sheet1!$B$1:$B$65808&[2]Sheet1!$D$1:$D$65808&[2]Sheet1!$E$1:$E$65808,0),MATCH($H26,[2]Sheet1!$F$1:$AF$1,0)),0)} -> 45 | U26: =ROUND((K26*P26+Q26*S26)/60+T26,1) -> 3 | V26: 毛波
A27: 1/3 | D27: CB5323210-005L065 | E27: 9350-11140左侧上梁 | F27: =+VLOOKUP(D27,[1]Sheet1!$D$2:$E$29166,2,0) -> 9350-11140左侧上梁 | G27: C | H27: 40 | I27: {=INDEX([2]Sheet1!$F$1:$AF$65808,MATCH(D27&G27&I$1,[2]Sheet1!$B$1:$B$65808&[2]Sheet1!$D$1:$D$65808&[2]Sheet1!$E$1:$E$65808,0),MATCH(H27,[2]Sheet1!$F$1:$AF$1,0))} -> #N/A | J27: 4 | K27: 4 | L27: 8 | M27: 8 | N27: 5P009 5P011 5P013 5P020 | P27: 1440 | U27: =ROUND((K27*P27+Q27*S27)/60+T27,1) -> 96 | V27: 曾云江/黄庆
A28: 1/4 | D28: XXX-600-00 | E28: XXXXXXX离心夹具3组合件 | F28: =+VLOOKUP(D28,[1]Sheet1!$D$2:$E$29166,2,0) -> XXXXXXX离心夹具3组合件 | G28: A | H28: 8 | I28: {=INDEX([2]Sheet1!$F$1:$AF$65808,MATCH(D28&G28&I$1,[2]Sheet1!$B$1:$B$65808&[2]Sheet1!$D$1:$D$65808&[2]Sheet1!$E$1:$E$65808,0),MATCH(H28,[2]Sheet1!$F$1:$AF$1,0))} -> #N/A | J28: 2 | K28: 2 | L28: 8 | M28: 8 | N28: 2020-10-N-75 | P28: 60 | U28: =ROUND((K28*P28+Q28*S28)/60+T28,1) -> 2 | V28: 曾云江
A29: 1/5 | D29: CB5327110-003R002 | E29: 8635右隔框 | F29: =+VLOOKUP(D29,[1]Sheet1!$D$2:$E$29166,2,0) -> 8635右隔框 | G29: E | H29: 35 | I29: {=INDEX([2]Sheet1!$F$1:$AF$65808,MATCH(D29&G29&I$1,[2]Sheet1!$B$1:$B$65808&[2]Sheet1!$D$1:$D$65808&[2]Sheet1!$E$1:$E$65808,0),MATCH(H29,[2]Sheet1!$F$1:$AF$1,0))} -> 35/钳工 | J29: 3 | K29: 3 | L29: 8 | M29: 8 | N29: 5P008 5P017-5P018 | P29: {=IFERROR(INDEX([2]Sheet1!$F$1:$AF$65808,MATCH($D29&$G29&P$1,[2]Sheet1!$B$1:$B$65808&[2]Sheet1!$D$1:$D$65808&[2]Sheet1!$E$1:$E$65808,0),MATCH($H29,[2]Sheet1!$F$1:$AF$1,0)),0)} -> 120 | U29: =ROUND((K29*P29+Q29*S29)/60+T29,1) -> 6 | V29: 曾云江
A30: 1/5 | D30: DD-J10S-06021-107 | E30: 后隔框 | F30: =+VLOOKUP(D30,[1]Sheet1!$D$2:$E$29166,2,0) -> 后隔框 | G30: A-1 | H30: 45 | I30: {=INDEX([2]Sheet1!$F$1:$AF$65808,MATCH(D30&G30&I$1,[2]Sheet1!$B$1:$B$65808&[2]Sheet1!$D$1:$D$65808&[2]Sheet1!$E$1:$E$65808,0),MATCH(H30,[2]Sheet1!$F$1:$AF$1,0))} -> 45/钳钻孔 | J30: 1 | K30: 1 | L30: 8 | M30: 8 | N30: 4P015 | P30: 960 | U30: =ROUND((K30*P30+Q30*S30)/60+T30,1) -> 16 | V30: 曾云江/黄庆
A31: 1/5 | D31: XXX-000-06 | E31: D 导向块 | F31: =+VLOOKUP(D31,[1]Sheet1!$D$2:$E$29166,2,0) -> 密封圈3 | H31: 35 | I31: {=INDEX([2]Sheet1!$F$1:$AF$65808,MATCH(D31&G31&I$1,[2]Sheet1!$B$1:$B$65808&[2]Sheet1!$D$1:$D$65808&[2]Sheet1!$E$1:$E$65808,0),MATCH(H31,[2]Sheet1!$F$1:$AF$1,0))} -> #N/A | J31: 2300 | K31: 1200 | L31: 8 | M31: 8 | N31: 2020-09-n-47 | P31: 15 | U31: =ROUND((K31*P31+Q31*S31)/60+T31,1) -> 300 | V31: 曾云江
A32: 1/8 | D32: CB5327110-003L002 | E32: 8635左隔框 | F32: =+VLOOKUP(D32,[1]Sheet1!$D$2:$E$29166,2,0) -> 8635左隔框 | G32: E | H32: 35 | I32: {=INDEX([2]Sheet1!$F$1:$AF$65808,MATCH(D32&G32&I$1,[2]Sheet1!$B$1:$B$65808&[2]Sheet1!$D$1:$D$65808&[2]Sheet1!$E$1:$E$65808,0),MATCH(H32,[2]Sheet1!$F$1:$AF$1,0))} -> 35/钳工 | J32: 3 | K32: 3 | L32: 8 | M32: 8 | N32: 5P002 5P016 5P018 | P32: {=IFERROR(INDEX([2]Sheet1!$F$1:$AF$65808,MATCH($D32&$G32&P$1,[2]Sheet1!$B$1:$B$65808&[2]Sheet1!$D$1:$D$65808&[2]Sheet1!$E$1:$E$65808,0),MATCH($H32,[2]Sheet1!$F$1:$AF$1,0)),0)} -> 120 | U32: =ROUND((K32*P32+Q32*S32)/60+T32,1) -> 6 | V32: 曾云江
A33: 1/8 | D33: CB5327110-003R002 | E33: 8635右隔框 | F33: =+VLOOKUP(D33,[1]Sheet1!$D$2:$E$29166,2,0) -> 8635右隔框 | G33: E | H33: 45 | I33: {=INDEX([2]Sheet1!$F$1:$AF$65808,MATCH(D33&G33&I$1,[2]Sheet1!$B$1:$B$65808&[2]Sheet1!$D$1:$D$65808&[2]Sheet1!$E$1:$E$65808,0),MATCH(H33,[2]Sheet1!$F$1:$AF$1,0))} -> 45/钳工 | J33: 3 | K33: 3 | L33: 30 | M33: 30 | N33: 5P008 5P017-5P018 | P33: {=IFERROR(INDEX([2]Sheet1!$F$1:$AF$65808,MATCH($D33&$G33&P$1,[2]Sheet1!$B$1:$B$65808&[2]Sheet1!$D$1:$D$65808&[2]Sheet1!$E$1:$E$65808,0),MATCH($H33,[2]Sheet1!$F$1:$AF$1,0)),0)} -> 480 | U33: =ROUND((K33*P33+Q33*S33)/60+T33,1) -> 24 | V33: 曾云江
A34: 1/9 | D34: CB5327110-003L002 | E34: 8635左隔框 | F34: =+VLOOKUP(D34,[1]Sheet1!$D$2:$E$29166,2,0) -> 8635左隔框 | G34: E | H34: 45 | I34: {=INDEX([2]Sheet1!$F$1:$AF$65808,MATCH(D34&G34&I$1,[2]Sheet1!$B$1:$B$65808&[2]Sheet1!$D$1:$D$65808&[2]Sheet1!$E$1:$E$65808,0),MATCH(H34,[2]Sheet1!$F$1:$AF$1,0))} -> 45/钳工 | J34: 3 | K34: 3 | L34: 30 | M34: 30 | N34: 5P002 5P016 5P018 | P34: {=IFERROR(INDEX([2]Sheet1!$F$1:$AF$65808,MATCH($D34&$G34&P$1,[2]Sheet1!$B$1:$B$65808&[2]Sheet1!$D$1:$D$65808&[2]Sheet1!$E$1:$E$65808,0),MATCH($H34,[2]Sheet1!$F$1:$AF$1,0)),0)} -> 480 | U34: =ROUND((K34*P34+Q34*S34)/60+T34,1) -> 24 | V34: 曾云江
A35: 1/9 | D35: CB5323210-005L065 | E35: 9350-11140左侧上梁 | F35: =+VLOOKUP(D35,[1]Sheet1!$D$2:$E$29166,2,0) -> 9350-11140左侧上梁 | G35: C | H35: 50 | I35: {=INDEX([2]Sheet1!$F$1:$AF$65808,MATCH(D35&G35&I$1,[2]Sheet1!$B$1:$B$65808&[2]Sheet1!$D$1:$D$65808&[2]Sheet1!$E$1:$E$65808,0),MATCH(H35,[2]Sheet1!$F$1:$AF$1,0))} -> #N/A | J35: 1 | K35: 1 | L35: 8 | M35: 8 | N35: 5P009 | P35: 1440 | U35: =ROUND((K35*P35+Q35*S35)/60+T35,1) -> 24 | V35: 曾云江/黄庆
A36: 1/12 | D36: CB5323210-005L065 | E36: 9350-11140左侧上梁 | F36: =+VLOOKUP(D36,[1]Sheet1!$D$2:$E$29166,2,0) -> 9350-11140左侧上梁 | G36: C | H36: 50 | I36: {=INDEX([2]Sheet1!$F$1:$AF$65808,MATCH(D36&G36&I$1,[2]Sheet1!$B$1:$B$65808&[2]Sheet1!$D$1:$D$65808&[2]Sheet1!$E$1:$E$65808,0),MATCH(H36,[2]Sheet1!$F$1:$AF$1,0))} -> #N/A | J36: 1 | K36: 1 | L36: 8 | M36: 8 | N36: 5P011 | P36: 1440 | U36: =ROUND((K36*P36+Q36*S36)/60+T36,1) -> 24 | V36: 曾云江/黄庆
A37: 1/13 | D37: DD-J10S-06021-107 | E37: 后隔框 | F37: =+VLOOKUP(D37,[1]Sheet1!$D$2:$E$29166,2,0) -> 后隔框 | G37: A-1 | H37: 45 | I37: {=INDEX([2]Sheet1!$F$1:$AF$65808,MATCH(D37&G37&I$1,[2]Sheet1!$B$1:$B$65808&[2]Sheet1!$D$1:$D$65808&[2]Sheet1!$E$1:$E$65808,0),MATCH(H37,[2]Sheet1!$F$1:$AF$1,0))} -> 45/钳钻孔 | J37: 1 | K37: 1 | L37: 8 | M37: 8 | N37: 4P016 | P37: 960 | U37: =ROUND((K37*P37+Q37*S37)/60+T37,1) -> 16 | V37: 曾云江/黄庆
A38: 1/14-1/15 | D38: CB5327120-003R006 | E38: 8270侧隔框 | F38: =+VLOOKUP(D38,[1]Sheet1!$D$2:$E$29166,2,0) -> 8270侧隔框 | G38: F | H38: 75 | I38: {=INDEX([2]Sheet1!$F$1:$AF$65808,MATCH(D38&G38&I$1,[2]Sheet1!$B$1:$B$65808&[2]Sheet1!$D$1:$D$65808&[2]Sheet1!$E$1:$E$65808,0),MATCH(H38,[2]Sheet1!$F$1:$AF$1,0))} -> 75/钳工 | J38: 3 | K38: 3 | L38: 13 | M38: 13 | N38: 5P010-5P011 5P017 | P38: {=IFERROR(INDEX([2]Sheet1!$F$1:$AF$65808,MATCH($D38&$G38&P$1,[2]Sheet1!$B$1:$B$65808&[2]Sheet1!$D$1:$D$65808&[2]Sheet1!$E$1:$E$65808,0),MATCH($H38,[2]Sheet1!$F$1:$AF$1,0)),0)} -> 600 | U38: =ROUND((K38*P38+Q38*S38)/60+T38,1) -> 30 | V38: 曾云江
A39: 1/14-1/15 | D39: CB5327120-003L006 | E39: 8270侧隔框 | F39: =+VLOOKUP(D39,[1]Sheet1!$D$2:$E$29166,2,0) -> 8270侧隔框 | G39: F | H39: 75 | I39: {=INDEX([2]Sheet1!$F$1:$AF$65808,MATCH(D39&G39&I$1,[2]Sheet1!$B$1:$B$65808&[2]Sheet1!$D$1:$D$65808&[2]Sheet1!$E$1:$E$65808,0),MATCH(H39,[2]Sheet1!$F$1:$AF$1,0))} -> 75/钳工 | J39: 3 | K39: 3 | L39: 8 | M39: 8 | N39: 5P010-5P011 5P017 | P39: {=IFERROR(INDEX([2]Sheet1!$F$1:$AF$65808,MATCH($D39&$G39&P$1,[2]Sheet1!$B$1:$B$65808&[2]Sheet1!$D$1:$D$65808&[2]Sheet1!$E$1:$E$65808,0),MATCH($H39,[2]Sheet1!$F$1:$AF$1,0)),0)} -> 600 | U39: =ROUND((K39*P39+Q39*S39)/60+T39,1) -> 30 | V39: 曾云江
A40: 1/14-1/15 | D40: CB5327120-003R006 | E40: 8270侧隔框 | F40: =+VLOOKUP(D40,[1]Sheet1!$D$2:$E$29166,2,0) -> 8270侧隔框 | G40: F | H40: 55 | I40: {=INDEX([2]Sheet1!$F$1:$AF$65808,MATCH(D40&G40&I$1,[2]Sheet1!$B$1:$B$65808&[2]Sheet1!$D$1:$D$65808&[2]Sheet1!$E$1:$E$65808,0),MATCH(H40,[2]Sheet1!$F$1:$AF$1,0))} -> 55/钳工 | J40: 5 | K40: 5 | L40: 30 | M40: 30 | N40: 6P002-6P006 | P40: {=IFERROR(INDEX([2]Sheet1!$F$1:$AF$65808,MATCH($D40&$G40&P$1,[2]Sheet1!$B$1:$B$65808&[2]Sheet1!$D$1:$D$65808&[2]Sheet1!$E$1:$E$65808,0),MATCH($H40,[2]Sheet1!$F$1:$AF$1,0)),0)} -> 120 | U40: =ROUND((K40*P40+Q40*S40)/60+T40,1) -> 10 | V40: 曾云江
A41: 1/14-1/15 | D41: CB5327120-003L006 | E41: 8270侧隔框 | F41: =+VLOOKUP(D41,[1]Sheet1!$D$2:$E$29166,2,0) -> 8270侧隔框 | G41: F | H41: 55 | I41: {=INDEX([2]Sheet1!$F$1:$AF$65808,MATCH(D41&G41&I$1,[2]Sheet1!$B$1:$B$65808&[2]Sheet1!$D$1:$D$65808&[2]Sheet1!$E$1:$E$65808,0),MATCH(H41,[2]Sheet1!$F$1:$AF$1,0))} -> 55/钳工 | J41: 5 | K41: 5 | L41: 30 | M41: 30 | N41: 6P002-6P006 | P41: {=IFERROR(INDEX([2]Sheet1!$F$1:$AF$65808,MATCH($D41&$G41&P$1,[2]Sheet1!$B$1:$B$65808&[2]Sheet1!$D$1:$D$65808&[2]Sheet1!$E$1:$E$65808,0),MATCH($H41,[2]Sheet1!$F$1:$AF$1,0)),0)} -> 120 | U41: =ROUND((K41*P41+Q41*S41)/60+T41,1) -> 10 | V41: 曾云江
A42: 1/16 | D42: XXX-100-01 | E42: Z振动夹具 | F42: =+VLOOKUP(D42,[1]Sheet1!$D$2:$E$29166,2,0) -> 衬片 | G42: A | H42: 8 | I42: {=INDEX([2]Sheet1!$F$1:$AF$65808,MATCH(D42&G42&I$1,[2]Sheet1!$B$1:$B$65808&[2]Sheet1!$D$1:$D$65808&[2]Sheet1!$E$1:$E$65808,0),MATCH(H42,[2]Sheet1!$F$1:$AF$1,0))} -> #N/A | J42: 2 | K42: 2 | L42: 8 | M42: 8 | N42: 2020-10-N-75 | P42: 60 | U42: =ROUND((K42*P42+Q42*S42)/60+T42,1) -> 2 | V42: 曾云江
A43: 1/16 | D43: CB5323220-052-024 | E43: 9350-11140右侧上梁 | F43: =+VLOOKUP(D43,[1]Sheet1!$D$2:$E$29166,2,0) -> 9350-11140右侧上梁 | G43: G | H43: 45 | I43: {=INDEX([2]Sheet1!$F$1:$AF$65808,MATCH(D43&G43&I$1,[2]Sheet1!$B$1:$B$65808&[2]Sheet1!$D$1:$D$65808&[2]Sheet1!$E$1:$E$65808,0),MATCH(H43,[2]Sheet1!$F$1:$AF$1,0))} -> 35/五轴15 | J43: 1 | K43: 1 | L43: 8 | M43: 8 | N43: 5P005 | P43: 1440 | U43: =ROUND((K43*P43+Q43*S43)/60+T43,1) -> 24 | V43: 曾云江/黄庆
A44: 1/17 | D44: XXX-3310000-01 | E44: 卡接连接件I | F44: =+VLOOKUP(D44,[1]Sheet1!$D$2:$E$29166,2,0) -> 卡接连接件I | G44: A | H44: 35 | I44: {=INDEX([2]Sheet1!$F$1:$AF$65808,MATCH(D44&G44&I$1,[2]Sheet1!$B$1:$B$65808&[2]Sheet1!$D$1:$D$65808&[2]Sheet1!$E$1:$E$65808,0),MATCH(H44,[2]Sheet1!$F$1:$AF$1,0))} -> #N/A | J44: 104 | K44: 104 | L44: 8 | M44: 8 | N44: 2020-11-N-21 | P44: 15 | U44: =ROUND((K44*P44+Q44*S44)/60+T44,1) -> 26 | V44: 曾云江
A45: 1/18 | D45: XXX-3320000-01 | E45: 卡接连接件II | F45: =+VLOOKUP(D45,[1]Sheet1!$D$2:$E$29166,2,0) -> 卡接连接件II | G45: A | H45: 35 | I45: {=INDEX([2]Sheet1!$F$1:$AF$65808,MATCH(D45&G45&I$1,[2]Sheet1!$B$1:$B$65808&[2]Sheet1!$D$1:$D$65808&[2]Sheet1!$E$1:$E$65808,0),MATCH(H45,[2]Sheet1!$F$1:$AF$1,0))} -> #N/A | J45: 104 | K45: 104 | L45: 8 | M45: 8 | N45: 2020-11-N-21 | P45: 15 | U45: =ROUND((K45*P45+Q45*S45)/60+T45,1) -> 26 | V45: 曾云江
A46: 1/3 | D46: XXX-381000-12 | E46: 介质固定块A | F46: =+VLOOKUP(D46,[1]Sheet1!$D$2:$E$29166,2,0) -> #N/A | G46: A | H46: 10 | I46: {=INDEX([2]Sheet1!$F$1:$AF$65808,MATCH(D46&G46&I$1,[2]Sheet1!$B$1:$B$65808&[2]Sheet1!$D$1:$D$65808&[2]Sheet1!$E$1:$E$65808,0),MATCH(H46,[2]Sheet1!$F$1:$AF$1,0))} -> #N/A | J46: 18 | K46: 20 | L46: 8 | M46: 8 | N46: 2020-04-N-71 | P46: 30 | U46: =ROUND((K46*P46+Q46*S46)/60+T46,1) -> 10 | V46: 卢吉洪 | W46: 外加修理R接刀痕
A47: 1/3 | D47: XXX-382000-12 | E47: 介质固定块B | F47: =+VLOOKUP(D47,[1]Sheet1!$D$2:$E$29166,2,0) -> #N/A | G47: A | H47: 10 | I47: {=INDEX([2]Sheet1!$F$1:$AF$65808,MATCH(D47&G47&I$1,[2]Sheet1!$B$1:$B$65808&[2]Sheet1!$D$1:$D$65808&[2]Sheet1!$E$1:$E$65808,0),MATCH(H47,[2]Sheet1!$F$1:$AF$1,0))} -> #N/A | J47: 18 | K47: 20 | L47: 8 | M47: 8 | N47: 2020-04-N-71 | P47: 30 | U47: =ROUND((K47*P47+Q47*S47)/60+T47,1) -> 10 | V47: 卢吉洪
A48: 1/3 | D48: BC2332H01-008-001 | E48: 衬套 | F48: =+VLOOKUP(D48,[1]Sheet1!$D$2:$E$29166,2,0) -> 衬套 | G48: A | H48: 5 | I48: {=INDEX([2]Sheet1!$F$1:$AF$65808,MATCH(D48&G48&I$1,[2]Sheet1!$B$1:$B$65808&[2]Sheet1!$D$1:$D$65808&[2]Sheet1!$E$1:$E$65808,0),MATCH(H48,[2]Sheet1!$F$1:$AF$1,0))} -> #N/A | J48: 3 | K48: 3 | L48: 8 | M48: 8 | N48: 1P005 | P48: 10 | U48: =ROUND((K48*P48+Q48*S48)/60+T48,1) -> 0.5 | V48: 卢吉洪 | W48: 1根料
A49: 1/4 | D49: CB5512300-004L002 | E49: 根肋前段 | F49: =+VLOOKUP(D49,[1]Sheet1!$D$2:$E$29166,2,0) -> 根肋前段 | G49: B | H49: 10 | I49: {=INDEX([2]Sheet1!$F$1:$AF$65808,MATCH(D49&G49&I$1,[2]Sheet1!$B$1:$B$65808&[2]Sheet1!$D$1:$D$65808&[2]Sheet1!$E$1:$E$65808,0),MATCH(H49,[2]Sheet1!$F$1:$AF$1,0))} -> 10钳工 | J49: 6 | K49: 6 | L49: 8 | M49: 8 | N49: 5P012-5P013 5P016 5P019 4P013 4P015 | P49: {=IFERROR(INDEX([2]Sheet1!$F$1:$AF$65808,MATCH($D49&$G49&P$1,[2]Sheet1!$B$1:$B$65808&[2]Sheet1!$D$1:$D$65808&[2]Sheet1!$E$1:$E$65808,0),MATCH($H49,[2]Sheet1!$F$1:$AF$1,0)),0)} -> 150 | U49: =ROUND((K49*P49+Q49*S49)/60+T49,1) -> 15 | V49: 卢吉洪
A50: 1/5 | D50: CB5512300-004L002 | E50: 根肋前段 | F50: =+VLOOKUP(D50,[1]Sheet1!$D$2:$E$29166,2,0) -> 根肋前段 | G50: B | H50: 10 | I50: {=INDEX([2]Sheet1!$F$1:$AF$65808,MATCH(D50&G50&I$1,[2]Sheet1!$B$1:$B$65808&[2]Sheet1!$D$1:$D$65808&[2]Sheet1!$E$1:$E$65808,0),MATCH(H50,[2]Sheet1!$F$1:$AF$1,0))} -> 10钳工 | J50: 3 | K50: 3 | L50: 8 | M50: 8 | N50: 5P014 5P018 5P010 | P50: {=IFERROR(INDEX([2]Sheet1!$F$1:$AF$65808,MATCH($D50&$G50&P$1,[2]Sheet1!$B$1:$B$65808&[2]Sheet1!$D$1:$D$65808&[2]Sheet1!$E$1:$E$65808,0),MATCH($H50,[2]Sheet1!$F$1:$AF$1,0)),0)} -> 150 | U50: =ROUND((K50*P50+Q50*S50)/60+T50,1) -> 7.5 | V50: 卢吉洪 | W50: 大件
A51: 1/5 | D51: CB5512300-005L002 | E51: 根肋后段 | F51: =+VLOOKUP(D51,[1]Sheet1!$D$2:$E$29166,2,0) -> 根肋后段 | G51: B | H51: 10 | I51: {=INDEX([2]Sheet1!$F$1:$AF$65808,MATCH(D51&G51&I$1,[2]Sheet1!$B$1:$B$65808&[2]Sheet1!$D$1:$D$65808&[2]Sheet1!$E$1:$E$65808,0),MATCH(H51,[2]Sheet1!$F$1:$AF$1,0))} -> 10/钳工 | J51: 7 | K51: 7 | L51: 8 | M51: 8 | N51: 4P019-4P020 4P015 5P002-5P004 5P009 | P51: {=IFERROR(INDEX([2]Sheet1!$F$1:$AF$65808,MATCH($D51&$G51&P$1,[2]Sheet1!$B$1:$B$65808&[2]Sheet1!$D$1:$D$65808&[2]Sheet1!$E$1:$E$65808,0),MATCH($H51,[2]Sheet1!$F$1:$AF$1,0)),0)} -> 150 | U51: =ROUND((K51*P51+Q51*S51)/60+T51,1) -> 17.5 | V51: 卢吉洪 | W51: 大件
A52: 1/5 | D52: CB5512300-005R002 | E52: 根肋后段 | F52: =+VLOOKUP(D52,[1]Sheet1!$D$2:$E$29166,2,0) -> 根肋后段 | G52: B | H52: 10 | I52: {=INDEX([2]Sheet1!$F$1:$AF$65808,MATCH(D52&G52&I$1,[2]Sheet1!$B$1:$B$65808&[2]Sheet1!$D$1:$D$65808&[2]Sheet1!$E$1:$E$65808,0),MATCH(H52,[2]Sheet1!$F$1:$AF$1,0))} -> 10/钳工 | J52: 3 | K52: 3 | L52: 8 | M52: 8 | N52: 5P003 5P014 5P005 | P52: {=IFERROR(INDEX([2]Sheet1!$F$1:$AF$65808,MATCH($D52&$G52&P$1,[2]Sheet1!$B$1:$B$65808&[2]Sheet1!$D$1:$D$65808&[2]Sheet1!$E$1:$E$65808,0),MATCH($H52,[2]Sheet1!$F$1:$AF$1,0)),0)} -> 150 | U52: =ROUND((K52*P52+Q52*S52)/60+T52,1) -> 7.5 | V52: 卢吉洪
A53: 1/5 | D53: BC5822100-007-001 | E53: 轴 | F53: =+VLOOKUP(D53,[1]Sheet1!$D$2:$E$29166,2,0) -> 轴 | G53: B | H53: 45 | I53: {=INDEX([2]Sheet1!$F$1:$AF$65808,MATCH(D53&G53&I$1,[2]Sheet1!$B$1:$B$65808&[2]Sheet1!$D$1:$D$65808&[2]Sheet1!$E$1:$E$65808,0),MATCH(H53,[2]Sheet1!$F$1:$AF$1,0))} -> 45/钳工 | J53: 99 | K53: 99 | L53: 8 | M53: 8 | N53: 3P042-3P145 | P53: {=IFERROR(INDEX([2]Sheet1!$F$1:$AF$65808,MATCH($D53&$G53&P$1,[2]Sheet1!$B$1:$B$65808&[2]Sheet1!$D$1:$D$65808&[2]Sheet1!$E$1:$E$65808,0),MATCH($H53,[2]Sheet1!$F$1:$AF$1,0)),0)} -> 15 | U53: =ROUND((K53*P53+Q53*S53)/60+T53,1) -> 24.8 | V53: 卢吉洪 | W53: 回丝 去除毛刺
A54: 1/7 | D54: CB5512300-005R002 | E54: 根肋后段 | F54: =+VLOOKUP(D54,[1]Sheet1!$D$2:$E$29166,2,0) -> 根肋后段 | G54: B | H54: 10 | I54: {=INDEX([2]Sheet1!$F$1:$AF$65808,MATCH(D54&G54&I$1,[2]Sheet1!$B$1:$B$65808&[2]Sheet1!$D$1:$D$65808&[2]Sheet1!$E$1:$E$65808,0),MATCH(H54,[2]Sheet1!$F$1:$AF$1,0))} -> 10/钳工 | J54: 1 | K54: 1 | L54: 8 | N54: 5p002 | P54: {=IFERROR(INDEX([2]Sheet1!$F$1:$AF$65808,MATCH($D54&$G54&P$1,[2]Sheet1!$B$1:$B$65808&[2]Sheet1!$D$1:$D$65808&[2]Sheet1!$E$1:$E$65808,0),MATCH($H54,[2]Sheet1!$F$1:$AF$1,0)),0)} -> 150 | U54: =ROUND((K54*P54+Q54*S54)/60+T54,1) -> 2.5 | V54: 卢吉洪 | W54: 大件
A55: 1/7 | D55: CB5512300-004L002 | E55: 根肋前段 | F55: =+VLOOKUP(D55,[1]Sheet1!$D$2:$E$29166,2,0) -> 根肋前段 | G55: B | H55: 10 | I55: {=INDEX([2]Sheet1!$F$1:$AF$65808,MATCH(D55&G55&I$1,[2]Sheet1!$B$1:$B$65808&[2]Sheet1!$D$1:$D$65808&[2]Sheet1!$E$1:$E$65808,0),MATCH(H55,[2]Sheet1!$F$1:$AF$1,0))} -> 10钳工 | J55: 3 | K55: 3 | L55: 8 | M55: 8 | N55: 5P011 5P015 5P017 | P55: {=IFERROR(INDEX([2]Sheet1!$F$1:$AF$65808,MATCH($D55&$G55&P$1,[2]Sheet1!$B$1:$B$65808&[2]Sheet1!$D$1:$D$65808&[2]Sheet1!$E$1:$E$65808,0),MATCH($H55,[2]Sheet1!$F$1:$AF$1,0)),0)} -> 150 | U55: =ROUND((K55*P55+Q55*S55)/60+T55,1) -> 7.5 | V55: 卢吉洪 | W55: 大件
A56: 1/11 | D56: DD-J10B-94076-802 | E56: 支架 | F56: =+VLOOKUP(D56,[1]Sheet1!$D$2:$E$29166,2,0) -> 支架 | G56: E | H56: 55 | I56: {=INDEX([2]Sheet1!$F$1:$AF$65808,MATCH(D56&G56&I$1,[2]Sheet1!$B$1:$B$65808&[2]Sheet1!$D$1:$D$65808&[2]Sheet1!$E$1:$E$65808,0),MATCH(H56,[2]Sheet1!$F$1:$AF$1,0))} -> 55/钳工 | J56: 24 | K56: 10 | L56: 8 | M56: 8 | N56: 7P002 | P56: {=IFERROR(INDEX([2]Sheet1!$F$1:$AF$65808,MATCH($D56&$G56&P$1,[2]Sheet1!$B$1:$B$65808&[2]Sheet1!$D$1:$D$65808&[2]Sheet1!$E$1:$E$65808,0),MATCH($H56,[2]Sheet1!$F$1:$AF$1,0)),0)} -> 60 | U56: =ROUND((K56*P56+Q56*S56)/60+T56,1) -> 10 | V56: 卢吉洪
A57: 1/12 | D57: XXX-000-07 | E57: M密封盒 | F57: =+VLOOKUP(D57,[1]Sheet1!$D$2:$E$29166,2,0) -> 挡板 | G57: A | H57: 30 | I57: {=INDEX([2]Sheet1!$F$1:$AF$65808,MATCH(D57&G57&I$1,[2]Sheet1!$B$1:$B$65808&[2]Sheet1!$D$1:$D$65808&[2]Sheet1!$E$1:$E$65808,0),MATCH(H57,[2]Sheet1!$F$1:$AF$1,0))} -> #N/A | J57: 660 | K57: 665 | L57: 8 | M57: 8 | N57: 2020-10-N-35 | P57: 10 | U57: =ROUND((K57*P57+Q57*S57)/60+T57,1) -> 110.8 | V57: 卢吉洪 | W57: Q 去毛刺除所有毛刺，腐蚀
A58: 1/12 | D58: DD-J10-55023-632 | E58: 小衬套 | F58: =+VLOOKUP(D58,[1]Sheet1!$D$2:$E$29166,2,0) -> 小衬套 | G58: C | H58: 30 | I58: {=INDEX([2]Sheet1!$F$1:$AF$65808,MATCH(D58&G58&I$1,[2]Sheet1!$B$1:$B$65808&[2]Sheet1!$D$1:$D$65808&[2]Sheet1!$E$1:$E$65808,0),MATCH(H58,[2]Sheet1!$F$1:$AF$1,0))} -> 30/钳工 | J58: 20 | K58: 25 | L58: 8 | M58: 8 | N58: C7P001 | P58: {=IFERROR(INDEX([2]Sheet1!$F$1:$AF$65808,MATCH($D58&$G58&P$1,[2]Sheet1!$B$1:$B$65808&[2]Sheet1!$D$1:$D$65808&[2]Sheet1!$E$1:$E$65808,0),MATCH($H58,[2]Sheet1!$F$1:$AF$1,0)),0)} -> 20 | U58: =ROUND((K58*P58+Q58*S58)/60+T58,1) -> 8.3 | V58: 卢吉洪
A59: 1/12 | D59: DD-J10-55023-632 | E59: 小衬套 | F59: =+VLOOKUP(D59,[1]Sheet1!$D$2:$E$29166,2,0) -> 小衬套 | G59: C | H59: 30 | I59: {=INDEX([2]Sheet1!$F$1:$AF$65808,MATCH(D59&G59&I$1,[2]Sheet1!$B$1:$B$65808&[2]Sheet1!$D$1:$D$65808&[2]Sheet1!$E$1:$E$65808,0),MATCH(H59,[2]Sheet1!$F$1:$AF$1,0))} -> 30/钳工 | J59: 8 | K59: 13 | L59: 8 | M59: 8 | N59: C4P005 | P59: {=IFERROR(INDEX([2]Sheet1!$F$1:$AF$65808,MATCH($D59&$G59&P$1,[2]Sheet1!$B$1:$B$65808&[2]Sheet1!$D$1:$D$65808&[2]Sheet1!$E$1:$E$65808,0),MATCH($H59,[2]Sheet1!$F$1:$AF$1,0)),0)} -> 20 | U59: =ROUND((K59*P59+Q59*S59)/60+T59,1) -> 4.3 | V59: 卢吉洪
A60: 1/13 | D60: CB2285758-004-001 | E60: 接头 | F60: =+VLOOKUP(D60,[1]Sheet1!$D$2:$E$29166,2,0) -> 接头 | G60: B | H60: 35 | I60: {=INDEX([2]Sheet1!$F$1:$AF$65808,MATCH(D60&G60&I$1,[2]Sheet1!$B$1:$B$65808&[2]Sheet1!$D$1:$D$65808&[2]Sheet1!$E$1:$E$65808,0),MATCH(H60,[2]Sheet1!$F$1:$AF$1,0))} -> 35/钳工 | J60: 20 | K60: 20 | L60: 8 | M60: 8 | N60: 6P001 | P60: {=IFERROR(INDEX([2]Sheet1!$F$1:$AF$65808,MATCH($D60&$G60&P$1,[2]Sheet1!$B$1:$B$65808&[2]Sheet1!$D$1:$D$65808&[2]Sheet1!$E$1:$E$65808,0),MATCH($H60,[2]Sheet1!$F$1:$AF$1,0)),0)} -> 20 | T60: 4 | U60: =ROUND((K60*P60+Q60*S60)/60+T60,1) -> 10.7 | V60: 卢吉洪 | W60: Q 去毛刺除 钻孔
A61: 1/14 | E61: 试棒 | F61: =+VLOOKUP(D61,[1]Sheet1!$D$2:$E$29166,2,0) -> #N/A | H61: 钳工 | I61: {=INDEX([2]Sheet1!$F$1:$AF$65808,MATCH(D61&G61&I$1,[2]Sheet1!$B$1:$B$65808&[2]Sheet1!$D$1:$D$65808&[2]Sheet1!$E$1:$E$65808,0),MATCH(H61,[2]Sheet1!$F$1:$AF$1,0))} -> #N/A | J61: 7 | K61: 7 | L61: 8 | M61: 8 | P61: 30 | U61: =ROUND((K61*P61+Q61*S61)/60+T61,1) -> 3.5 | V61: 卢吉洪 | W61: 3D打印 | X61: X许阳波
A62: 1/15 | D62: DD-J10-54231-2-Z-GZ01 | E62: 鸭翼伺服作动器安装支座 | F62: =+VLOOKUP(D62,[1]Sheet1!$D$2:$E$29166,2,0) -> #N/A | G62: A | H62: 25 | I62: {=INDEX([2]Sheet1!$F$1:$AF$65808,MATCH(D62&G62&I$1,[2]Sheet1!$B$1:$B$65808&[2]Sheet1!$D$1:$D$65808&[2]Sheet1!$E$1:$E$65808,0),MATCH(H62,[2]Sheet1!$F$1:$AF$1,0))} -> #N/A | J62: 14 | K62: 14 | L62: 8 | M62: 8 | N62: / | P62: 480 | U62: =ROUND((K62*P62+Q62*S62)/60+T62,1) -> 112 | V62: 卢吉洪 | W62: 攻M6 112个孔 各8件 去除所有毛刺
A63: 1-3-1/4 | E63: X箱体 | F63: =+VLOOKUP(D63,[1]Sheet1!$D$2:$E$29166,2,0) -> #N/A | I63: {=INDEX([2]Sheet1!$F$1:$AF$65808,MATCH(D63&G63&I$1,[2]Sheet1!$B$1:$B$65808&[2]Sheet1!$D$1:$D$65808&[2]Sheet1!$E$1:$E$65808,0),MATCH(H63,[2]Sheet1!$F$1:$AF$1,0))} -> #N/A | L63: 8 | M63: 8 | N63: / | P63: {=IFERROR(INDEX([2]Sheet1!$F$1:$AF$65808,MATCH($D63&$G63&P$1,[2]Sheet1!$B$1:$B$65808&[2]Sheet1!$D$1:$D$65808&[2]Sheet1!$E$1:$E$65808,0),MATCH($H63,[2]Sheet1!$F$1:$AF$1,0)),0)} -> 0 | T63: 16 | U63: =ROUND((K63*P63+Q63*S63)/60+T63,1) -> 16 | V63: 李伟 | W63: 3D打印 去支撑 打磨
A64: 1/5 | E64: G格栅 | F64: =+VLOOKUP(D64,[1]Sheet1!$D$2:$E$29166,2,0) -> #N/A | I64: {=INDEX([2]Sheet1!$F$1:$AF$65808,MATCH(D64&G64&I$1,[2]Sheet1!$B$1:$B$65808&[2]Sheet1!$D$1:$D$65808&[2]Sheet1!$E$1:$E$65808,0),MATCH(H64,[2]Sheet1!$F$1:$AF$1,0))} -> #N/A | J64: 2 | K64: 2 | L64: 8 | M64: 8 | N64: / | P64: 600 | U64: =ROUND((K64*P64+Q64*S64)/60+T64,1) -> 20 | V64: 李伟 | W64: 3D打印 打磨 修配
A65: 1/6 | D65: C53221700-005-001-ZM01 C532221700-005-001-ZM01-FJ01 | E65: G格栅 | F65: =+VLOOKUP(D65,[1]Sheet1!$D$2:$E$29166,2,0) -> #N/A | H65: 20 | I65: {=INDEX([2]Sheet1!$F$1:$AF$65808,MATCH(D65&G65&I$1,[2]Sheet1!$B$1:$B$65808&[2]Sheet1!$D$1:$D$65808&[2]Sheet1!$E$1:$E$65808,0),MATCH(H65,[2]Sheet1!$F$1:$AF$1,0))} -> #N/A | J65: 2 | K65: 2 | L65: 8 | M65: 8 | N65: / | P65: 600 | U65: =ROUND((K65*P65+Q65*S65)/60+T65,1) -> 20 | V65: 李伟 | W65: 3D打印 格栅 钻模
A66: 1/7 | E66: 圆饼 | F66: =+VLOOKUP(D66,[1]Sheet1!$D$2:$E$29166,2,0) -> #N/A | I66: {=INDEX([2]Sheet1!$F$1:$AF$65808,MATCH(D66&G66&I$1,[2]Sheet1!$B$1:$B$65808&[2]Sheet1!$D$1:$D$65808&[2]Sheet1!$E$1:$E$65808,0),MATCH(H66,[2]Sheet1!$F$1:$AF$1,0))} -> #N/A | J66: 2 | K66: 2 | L66: 8 | M66: 8 | N66: / | P66: 720 | U66: =ROUND((K66*P66+Q66*S66)/60+T66,1) -> 24 | V66: 李伟 | W66: 3D打印 打磨 抛光
A67: 1/8 | E67: 钛合金 | F67: =+VLOOKUP(D67,[1]Sheet1!$D$2:$E$29166,2,0) -> #N/A | I67: {=INDEX([2]Sheet1!$F$1:$AF$65808,MATCH(D67&G67&I$1,[2]Sheet1!$B$1:$B$65808&[2]Sheet1!$D$1:$D$65808&[2]Sheet1!$E$1:$E$65808,0),MATCH(H67,[2]Sheet1!$F$1:$AF$1,0))} -> #N/A | J67: 2 | K67: 2 | L67: 8 | M67: 8 | N67: / | P67: 600 | U67: =ROUND((K67*P67+Q67*S67)/60+T67,1) -> 20 | V67: 李伟 | W67: 3D打印 校形
A68: 1/8 | E68: J机匣 | F68: =+VLOOKUP(D68,[1]Sheet1!$D$2:$E$29166,2,0) -> #N/A | I68: {=INDEX([2]Sheet1!$F$1:$AF$65808,MATCH(D68&G68&I$1,[2]Sheet1!$B$1:$B$65808&[2]Sheet1!$D$1:$D$65808&[2]Sheet1!$E$1:$E$65808,0),MATCH(H68,[2]Sheet1!$F$1:$AF$1,0))} -> #N/A | J68: 2 | K68: 2 | L68: 8 | M68: 8 | N68: / | P68: 840 | U68: =ROUND((K68*P68+Q68*S68)/60+T68,1) -> 28 | V68: 李伟 | W68: 3D打印 去支撑 打磨 抛光
A69: 1/8 | E69: Y 圆饼 | F69: =+VLOOKUP(D69,[1]Sheet1!$D$2:$E$29166,2,0) -> #N/A | I69: {=INDEX([2]Sheet1!$F$1:$AF$65808,MATCH(D69&G69&I$1,[2]Sheet1!$B$1:$B$65808&[2]Sheet1!$D$1:$D$65808&[2]Sheet1!$E$1:$E$65808,0),MATCH(H69,[2]Sheet1!$F$1:$AF$1,0))} -> #N/A | J69: 3 | K69: 3 | L69: 8 | M69: 8 | N69: / | P69: 600 | U69: =ROUND((K69*P69+Q69*S69)/60+T69,1) -> 30 | V69: 李伟 | W69: 3D打印 去支撑 打磨 抛光
A70: 1/9 | E70: G格栅 | F70: =+VLOOKUP(D70,[1]Sheet1!$D$2:$E$29166,2,0) -> #N/A | I70: {=INDEX([2]Sheet1!$F$1:$AF$65808,MATCH(D70&G70&I$1,[2]Sheet1!$B$1:$B$65808&[2]Sheet1!$D$1:$D$65808&[2]Sheet1!$E$1:$E$65808,0),MATCH(H70,[2]Sheet1!$F$1:$AF$1,0))} -> #N/A | J70: 2 | K70: 2 | L70: 8 | M70: 8 | N70: / | P70: 600 | U70: =ROUND((K70*P70+Q70*S70)/60+T70,1) -> 20 | V70: 李伟 | W70: 3D打印 打磨 配模
A71: 1/9 | E71: R热校模 | F71: =+VLOOKUP(D71,[1]Sheet1!$D$2:$E$29166,2,0) -> #N/A | I71: {=INDEX([2]Sheet1!$F$1:$AF$65808,MATCH(D71&G71&I$1,[2]Sheet1!$B$1:$B$65808&[2]Sheet1!$D$1:$D$65808&[2]Sheet1!$E$1:$E$65808,0),MATCH(H71,[2]Sheet1!$F$1:$AF$1,0))} -> #N/A | J71: 2 | K71: 2 | L71: 8 | M71: 8 | N71: / | P71: 720 | U71: =ROUND((K71*P71+Q71*S71)/60+T71,1) -> 24 | V71: 李伟 | W71: 3D打印 去毛刺 打磨
A72: 1/12 | E72: M模型 | F72: =+VLOOKUP(D72,[1]Sheet1!$D$2:$E$29166,2,0) -> #N/A | I72: {=INDEX([2]Sheet1!$F$1:$AF$65808,MATCH(D72&G72&I$1,[2]Sheet1!$B$1:$B$65808&[2]Sheet1!$D$1:$D$65808&[2]Sheet1!$E$1:$E$65808,0),MATCH(H72,[2]Sheet1!$F$1:$AF$1,0))} -> #N/A | J72: 3 | K72: 3 | L72: 8 | M72: 8 | N72: / | P72: 600 | U72: =ROUND((K72*P72+Q72*S72)/60+T72,1) -> 30 | V72: 李伟 | W72: 132 支撑 打磨 抛光
A73: 1/3 | D73: XXX-300-00 | E73: XXXXW3XXX振动夹具组合件 | F73: =+VLOOKUP(D73,[1]Sheet1!$D$2:$E$29166,2,0) -> XXXXW3XXX振动夹具组合件 | G73: A | H73: 5 | I73: {=INDEX([2]Sheet1!$F$1:$AF$65808,MATCH(D73&G73&I$1,[2]Sheet1!$B$1:$B$65808&[2]Sheet1!$D$1:$D$65808&[2]Sheet1!$E$1:$E$65808,0),MATCH(H73,[2]Sheet1!$F$1:$AF$1,0))} -> #N/A | J73: 1 | K73: 1 | L73: 8 | M73: 8 | N73: 2020-10-N-75 | P73: 1750 | U73: =ROUND((K73*P73+Q73*S73)/60+T73,1) -> 29.2 | V73: 邓长安
A74: 1/3 | D74: XXX-300-01 | E74: XXXXW3XXX振动夹具组合件 | F74: =+VLOOKUP(D74,[1]Sheet1!$D$2:$E$29166,2,0) -> 盖板 | G74: A | H74: 10 | I74: {=INDEX([2]Sheet1!$F$1:$AF$65808,MATCH(D74&G74&I$1,[2]Sheet1!$B$1:$B$65808&[2]Sheet1!$D$1:$D$65808&[2]Sheet1!$E$1:$E$65808,0),MATCH(H74,[2]Sheet1!$F$1:$AF$1,0))} -> #N/A | J74: 1 | K74: 1 | L74: 8 | M74: 8 | N74: 2020-10-N-75 | P74: 700 | U74: =ROUND((K74*P74+Q74*S74)/60+T74,1) -> 11.7 | V74: 邓长安
A75: 1/3 | D75: XXX-200-03 | E75: 光开关盖 | F75: =+VLOOKUP(D75,[1]Sheet1!$D$2:$E$29166,2,0) -> 光开关盖 | G75: A | H75: 25 | I75: {=INDEX([2]Sheet1!$F$1:$AF$65808,MATCH(D75&G75&I$1,[2]Sheet1!$B$1:$B$65808&[2]Sheet1!$D$1:$D$65808&[2]Sheet1!$E$1:$E$65808,0),MATCH(H75,[2]Sheet1!$F$1:$AF$1,0))} -> #N/A | J75: 660 | K75: 666 | L75: 8 | M75: 8 | N75: 2020-10-N-35 | P75: 5 | U75: =ROUND((K75*P75+Q75*S75)/60+T75,1) -> 55.5 | V75: 邓长安
A76: 1/4 | E76: 维修工装 | F76: =+VLOOKUP(D76,[1]Sheet1!$D$2:$E$29166,2,0) -> #N/A | I76: {=INDEX([2]Sheet1!$F$1:$AF$65808,MATCH(D76&G76&I$1,[2]Sheet1!$B$1:$B$65808&[2]Sheet1!$D$1:$D$65808&[2]Sheet1!$E$1:$E$65808,0),MATCH(H76,[2]Sheet1!$F$1:$AF$1,0))} -> #N/A | J76: 1 | K76: 1 | L76: 8 | M76: 8 | P76: {=IFERROR(INDEX([2]Sheet1!$F$1:$AF$65808,MATCH($D76&$G76&P$1,[2]Sheet1!$B$1:$B$65808&[2]Sheet1!$D$1:$D$65808&[2]Sheet1!$E$1:$E$65808,0),MATCH($H76,[2]Sheet1!$F$1:$AF$1,0)),0)} -> 0 | T76: 8 | U76: =ROUND((K76*P76+Q76*S76)/60+T76,1) -> 8 | V76: 邓长安 | W76: H合计8H | X76: x许阳波
A77: 1/5 | D77: XXX-300-03 | E77: J绝缘板 | F77: =+VLOOKUP(D77,[1]Sheet1!$D$2:$E$29166,2,0) -> #N/A | G77: A | H77: 25 | I77: {=INDEX([2]Sheet1!$F$1:$AF$65808,MATCH(D77&G77&I$1,[2]Sheet1!$B$1:$B$65808&[2]Sheet1!$D$1:$D$65808&[2]Sheet1!$E$1:$E$65808,0),MATCH(H77,[2]Sheet1!$F$1:$AF$1,0))} -> #N/A | J77: 660 | K77: 521 | L77: 8 | M77: 8 | N77: 2020-10-N-35 | P77: 4 | U77: =ROUND((K77*P77+Q77*S77)/60+T77,1) -> 34.7 | V77: 邓长安
A78: 1/8 | D78: DD-J10B-86051-2 | E78: 激励器转接件 | F78: =+VLOOKUP(D78,[1]Sheet1!$D$2:$E$29166,2,0) -> 激励器转接件 | G78: F | H78: 65 | I78: {=INDEX([2]Sheet1!$F$1:$AF$65808,MATCH(D78&G78&I$1,[2]Sheet1!$B$1:$B$65808&[2]Sheet1!$D$1:$D$65808&[2]Sheet1!$E$1:$E$65808,0),MATCH(H78,[2]Sheet1!$F$1:$AF$1,0))} -> 65/钳工 | J78: 12 | K78: 12 | L78: 8 | M78: 8 | N78: 7P002 | P78: {=IFERROR(INDEX([2]Sheet1!$F$1:$AF$65808,MATCH($D78&$G78&P$1,[2]Sheet1!$B$1:$B$65808&[2]Sheet1!$D$1:$D$65808&[2]Sheet1!$E$1:$E$65808,0),MATCH($H78,[2]Sheet1!$F$1:$AF$1,0)),0)} -> 60 | U78: =ROUND((K78*P78+Q78*S78)/60+T78,1) -> 12 | V78: 邓长安
A79: 1/11 | D79: XXX-100-01 | E79: XXXXW3XXX振动夹具组合件 | F79: =+VLOOKUP(D79,[1]Sheet1!$D$2:$E$29166,2,0) -> 衬片 | G79: A | H79: 10 | I79: {=INDEX([2]Sheet1!$F$1:$AF$65808,MATCH(D79&G79&I$1,[2]Sheet1!$B$1:$B$65808&[2]Sheet1!$D$1:$D$65808&[2]Sheet1!$E$1:$E$65808,0),MATCH(H79,[2]Sheet1!$F$1:$AF$1,0))} -> #N/A | J79: 2 | K79: 2 | L79: 8 | M79: 8 | N79: 2020-10-N-75 | P79: 960 | U79: =ROUND((K79*P79+Q79*S79)/60+T79,1) -> 32 | V79: 邓长安 | W79: 238
A80: 1/11 | D80: XXX-100-00 | E80: XXXXW1XXXX振动夹具组合件 | F80: =+VLOOKUP(D80,[1]Sheet1!$D$2:$E$29166,2,0) -> XXXXW1XXXX振动夹具组合件 | G80: A | H80: 5 | I80: {=INDEX([2]Sheet1!$F$1:$AF$65808,MATCH(D80&G80&I$1,[2]Sheet1!$B$1:$B$65808&[2]Sheet1!$D$1:$D$65808&[2]Sheet1!$E$1:$E$65808,0),MATCH(H80,[2]Sheet1!$F$1:$AF$1,0))} -> #N/A | J80: 2 | K80: 2 | L80: 8 | M80: 8 | N80: 2020-10-N-75 | P80: 2400 | U80: =ROUND((K80*P80+Q80*S80)/60+T80,1) -> 80 | V80: 邓长安 | W80: 238
A81: 1/13 | D81: XXX-500-01 | E81: XXXXXXX离心夹具 | F81: =+VLOOKUP(D81,[1]Sheet1!$D$2:$E$29166,2,0) -> XXX阴极座 | G81: A | H81: 10 | I81: {=INDEX([2]Sheet1!$F$1:$AF$65808,MATCH(D81&G81&I$1,[2]Sheet1!$B$1:$B$65808&[2]Sheet1!$D$1:$D$65808&[2]Sheet1!$E$1:$E$65808,0),MATCH(H81,[2]Sheet1!$F$1:$AF$1,0))} -> #N/A | J81: 2 | K81: 1 | L81: 8 | M81: 8 | N81: 2020-10-N-75 | P81: 1450 | U81: =ROUND((K81*P81+Q81*S81)/60+T81,1) -> 24.2 | V81: 邓长安
A82: 1/13 | D82: XXX-500-00 | E82: XXXXXXX离心夹具 | F82: =+VLOOKUP(D82,[1]Sheet1!$D$2:$E$29166,2,0) -> XXXXXXX离心夹具2组合件 | G82: A | H82: 5 | I82: {=INDEX([2]Sheet1!$F$1:$AF$65808,MATCH(D82&G82&I$1,[2]Sheet1!$B$1:$B$65808&[2]Sheet1!$D$1:$D$65808&[2]Sheet1!$E$1:$E$65808,0),MATCH(H82,[2]Sheet1!$F$1:$AF$1,0))} -> #N/A | J82: 2 | K82: 1 | L82: 8 | M82: 8 | N82: 2020-10-N-75 | P82: 580 | U82: =ROUND((K82*P82+Q82*S82)/60+T82,1) -> 9.7 | V82: 邓长安
A83: 1/13 | D83: DD-J10-94021-730-3 | E83: 环 | F83: =+VLOOKUP(D83,[1]Sheet1!$D$2:$E$29166,2,0) -> 环 | G83: B | H83: 5 | I83: {=INDEX([2]Sheet1!$F$1:$AF$65808,MATCH(D83&G83&I$1,[2]Sheet1!$B$1:$B$65808&[2]Sheet1!$D$1:$D$65808&[2]Sheet1!$E$1:$E$65808,0),MATCH(H83,[2]Sheet1!$F$1:$AF$1,0))} -> 5/钳工 | J83: 82 | K83: 124 | L83: 8 | M83: 8 | P83: {=IFERROR(INDEX([2]Sheet1!$F$1:$AF$65808,MATCH($D83&$G83&P$1,[2]Sheet1!$B$1:$B$65808&[2]Sheet1!$D$1:$D$65808&[2]Sheet1!$E$1:$E$65808,0),MATCH($H83,[2]Sheet1!$F$1:$AF$1,0)),0)} -> 5 | U83: =ROUND((K83*P83+Q83*S83)/60+T83,1) -> 10.3 | V83: 邓长安 | W83: 三批次
A84: 1/13 | D84: BC5525200-003-002 | E84: 对穿螺栓 | F84: =+VLOOKUP(D84,[1]Sheet1!$D$2:$E$29166,2,0) -> 对穿螺栓 | G84: B | H84: 40 | I84: {=INDEX([2]Sheet1!$F$1:$AF$65808,MATCH(D84&G84&I$1,[2]Sheet1!$B$1:$B$65808&[2]Sheet1!$D$1:$D$65808&[2]Sheet1!$E$1:$E$65808,0),MATCH(H84,[2]Sheet1!$F$1:$AF$1,0))} -> 35数车10 | J84: 4 | K84: 4 | L84: 8 | M84: 8 | N84: 1P067 -1P070 | P84: {=IFERROR(INDEX([2]Sheet1!$F$1:$AF$65808,MATCH($D84&$G84&P$1,[2]Sheet1!$B$1:$B$65808&[2]Sheet1!$D$1:$D$65808&[2]Sheet1!$E$1:$E$65808,0),MATCH($H84,[2]Sheet1!$F$1:$AF$1,0)),0)} -> 25 | U84: =ROUND((K84*P84+Q84*S84)/60+T84,1) -> 1.7 | V84: 邓长安
A85: 1/13 | D85: DD-J10B-77101-963 | E85: 卡箍扣 | F85: =+VLOOKUP(D85,[1]Sheet1!$D$2:$E$29166,2,0) -> 卡箍扣 | G85: B | H85: 45 | I85: {=INDEX([2]Sheet1!$F$1:$AF$65808,MATCH(D85&G85&I$1,[2]Sheet1!$B$1:$B$65808&[2]Sheet1!$D$1:$D$65808&[2]Sheet1!$E$1:$E$65808,0),MATCH(H85,[2]Sheet1!$F$1:$AF$1,0))} -> 45/钳工 | J85: 40 | K85: 43 | L85: 8 | M85: 8 | N85: 6P005 | P85: {=IFERROR(INDEX([2]Sheet1!$F$1:$AF$65808,MATCH($D85&$G85&P$1,[2]Sheet1!$B$1:$B$65808&[2]Sheet1!$D$1:$D$65808&[2]Sheet1!$E$1:$E$65808,0),MATCH($H85,[2]Sheet1!$F$1:$AF$1,0)),0)} -> 25 | U85: =ROUND((K85*P85+Q85*S85)/60+T85,1) -> 17.9 | V85: 邓长安
A86: 1/14 | D86: DD-J10-61001-3 | E86: 支座 | F86: =+VLOOKUP(D86,[1]Sheet1!$D$2:$E$29166,2,0) -> #N/A | H86: 钳工 | I86: {=INDEX([2]Sheet1!$F$1:$AF$65808,MATCH(D86&G86&I$1,[2]Sheet1!$B$1:$B$65808&[2]Sheet1!$D$1:$D$65808&[2]Sheet1!$E$1:$E$65808,0),MATCH(H86,[2]Sheet1!$F$1:$AF$1,0))} -> #N/A | K86: 23 | L86: 8 | M86: 8 | N86: 7P002 | P86: 70 | U86: =ROUND((K86*P86+Q86*S86)/60+T86,1) -> 26.8 | V86: 邓长安 | W86: M每件70分钟 | X86: x许阳波
A87: 1/14 | D87: 5319C02301G70 | E87: 接头 | F87: =+VLOOKUP(D87,[1]Sheet1!$D$2:$E$29166,2,0) -> 接头 | G87: A | H87: 钳工 | I87: {=INDEX([2]Sheet1!$F$1:$AF$65808,MATCH(D87&G87&I$1,[2]Sheet1!$B$1:$B$65808&[2]Sheet1!$D$1:$D$65808&[2]Sheet1!$E$1:$E$65808,0),MATCH(H87,[2]Sheet1!$F$1:$AF$1,0))} -> #N/A | K87: 8 | L87: 8 | M87: 8 | N87: 3A | P87: 15 | U87: =ROUND((K87*P87+Q87*S87)/60+T87,1) -> 2 | V87: 邓长安 | W87: M每件15分钟 | X87: X许阳波
A88: 1/4 | D88: XXX-000-06 | E88: D 导向块 | F88: =+VLOOKUP(D88,[1]Sheet1!$D$2:$E$29166,2,0) -> 密封圈3 | G88: A | H88: 40 | I88: {=INDEX([2]Sheet1!$F$1:$AF$65808,MATCH(D88&G88&I$1,[2]Sheet1!$B$1:$B$65808&[2]Sheet1!$D$1:$D$65808&[2]Sheet1!$E$1:$E$65808,0),MATCH(H88,[2]Sheet1!$F$1:$AF$1,0))} -> #N/A | J88: 2299 | K88: 1200 | L88: 8 | M88: 8 | N88: 2020-09-n-47 | P88: 3 | U88: =ROUND((K88*P88+Q88*S88)/60+T88,1) -> 60 | V88: 任俊帆
A89: 1/7 | D89: DD-J10-21102-274 | E89: 4#下垫片 | F89: =+VLOOKUP(D89,[1]Sheet1!$D$2:$E$29166,2,0) -> 4#下垫片 | G89: B | H89: 20 | I89: {=INDEX([2]Sheet1!$F$1:$AF$65808,MATCH(D89&G89&I$1,[2]Sheet1!$B$1:$B$65808&[2]Sheet1!$D$1:$D$65808&[2]Sheet1!$E$1:$E$65808,0),MATCH(H89,[2]Sheet1!$F$1:$AF$1,0))} -> 20/钳工 | J89: 20 | K89: 20 | L89: 8 | M89: 8 | N89: C7P007 | P89: {=IFERROR(INDEX([2]Sheet1!$F$1:$AF$65808,MATCH($D89&$G89&P$1,[2]Sheet1!$B$1:$B$65808&[2]Sheet1!$D$1:$D$65808&[2]Sheet1!$E$1:$E$65808,0),MATCH($H89,[2]Sheet1!$F$1:$AF$1,0)),0)} -> 20 | U89: =ROUND((K89*P89+Q89*S89)/60+T89,1) -> 6.7 | V89: 任俊帆
A90: 1/7 | D90: DD-J10-21102-274 | E90: 4#下垫片 | F90: =+VLOOKUP(D90,[1]Sheet1!$D$2:$E$29166,2,0) -> 4#下垫片 | G90: B | H90: 20 | I90: {=INDEX([2]Sheet1!$F$1:$AF$65808,MATCH(D90&G90&I$1,[2]Sheet1!$B$1:$B$65808&[2]Sheet1!$D$1:$D$65808&[2]Sheet1!$E$1:$E$65808,0),MATCH(H90,[2]Sheet1!$F$1:$AF$1,0))} -> 20/钳工 | J90: 20 | K90: 20 | L90: 8 | M90: 8 | N90: C7P006 | P90: {=IFERROR(INDEX([2]Sheet1!$F$1:$AF$65808,MATCH($D90&$G90&P$1,[2]Sheet1!$B$1:$B$65808&[2]Sheet1!$D$1:$D$65808&[2]Sheet1!$E$1:$E$65808,0),MATCH($H90,[2]Sheet1!$F$1:$AF$1,0)),0)} -> 20 | U90: =ROUND((K90*P90+Q90*S90)/60+T90,1) -> 6.7 | V90: 任俊帆
A91: 1/7 | D91: DD-J10-21102-274 | E91: 4#下垫片 | F91: =+VLOOKUP(D91,[1]Sheet1!$D$2:$E$29166,2,0) -> 4#下垫片 | G91: B | H91: 20 | I91: {=INDEX([2]Sheet1!$F$1:$AF$65808,MATCH(D91&G91&I$1,[2]Sheet1!$B$1:$B$65808&[2]Sheet1!$D$1:$D$65808&[2]Sheet1!$E$1:$E$65808,0),MATCH(H91,[2]Sheet1!$F$1:$AF$1,0))} -> 20/钳工 | J91: 20 | K91: 20 | L91: 8 | M91: 8 | N91: C7P005 | P91: {=IFERROR(INDEX([2]Sheet1!$F$1:$AF$65808,MATCH($D91&$G91&P$1,[2]Sheet1!$B$1:$B$65808&[2]Sheet1!$D$1:$D$65808&[2]Sheet1!$E$1:$E$65808,0),MATCH($H91,[2]Sheet1!$F$1:$AF$1,0)),0)} -> 20 | U91: =ROUND((K91*P91+Q91*S91)/60+T91,1) -> 6.7 | V91: 任俊帆
A92: 1/7 | D92: DD-J10-21102-274 | E92: 4#下垫片 | F92: =+VLOOKUP(D92,[1]Sheet1!$D$2:$E$29166,2,0) -> 4#下垫片 | G92: B | H92: 20 | I92: {=INDEX([2]Sheet1!$F$1:$AF$65808,MATCH(D92&G92&I$1,[2]Sheet1!$B$1:$B$65808&[2]Sheet1!$D$1:$D$65808&[2]Sheet1!$E$1:$E$65808,0),MATCH(H92,[2]Sheet1!$F$1:$AF$1,0))} -> 20/钳工 | J92: 20 | K92: 20 | N92: C7P004 | P92: {=IFERROR(INDEX([2]Sheet1!$F$1:$AF$65808,MATCH($D92&$G92&P$1,[2]Sheet1!$B$1:$B$65808&[2]Sheet1!$D$1:$D$65808&[2]Sheet1!$E$1:$E$65808,0),MATCH($H92,[2]Sheet1!$F$1:$AF$1,0)),0)} -> 20 | U92: =ROUND((K92*P92+Q92*S92)/60+T92,1) -> 6.7 | V92: 任俊帆
A93: 1/7 | D93: DD-J10-21102-274 | E93: 4#下垫片 | F93: =+VLOOKUP(D93,[1]Sheet1!$D$2:$E$29166,2,0) -> 4#下垫片 | G93: B | H93: 20 | I93: {=INDEX([2]Sheet1!$F$1:$AF$65808,MATCH(D93&G93&I$1,[2]Sheet1!$B$1:$B$65808&[2]Sheet1!$D$1:$D$65808&[2]Sheet1!$E$1:$E$65808,0),MATCH(H93,[2]Sheet1!$F$1:$AF$1,0))} -> 20/钳工 | J93: 20 | K93: 20 | N93: C7P003 | P93: {=IFERROR(INDEX([2]Sheet1!$F$1:$AF$65808,MATCH($D93&$G93&P$1,[2]Sheet1!$B$1:$B$65808&[2]Sheet1!$D$1:$D$65808&[2]Sheet1!$E$1:$E$65808,0),MATCH($H93,[2]Sheet1!$F$1:$AF$1,0)),0)} -> 20 | U93: =ROUND((K93*P93+Q93*S93)/60+T93,1) -> 6.7 | V93: 任俊帆
A94: 1/8 | D94: DD-J10-21102-273 | E94: 4#上垫片 | F94: =+VLOOKUP(D94,[1]Sheet1!$D$2:$E$29166,2,0) -> 4#上垫片 | G94: B | H94: 20 | I94: {=INDEX([2]Sheet1!$F$1:$AF$65808,MATCH(D94&G94&I$1,[2]Sheet1!$B$1:$B$65808&[2]Sheet1!$D$1:$D$65808&[2]Sheet1!$E$1:$E$65808,0),MATCH(H94,[2]Sheet1!$F$1:$AF$1,0))} -> 20/钳工 | J94: 20 | K94: 20 | L94: 8 | M94: 8 | N94: C7P004 | P94: {=IFERROR(INDEX([2]Sheet1!$F$1:$AF$65808,MATCH($D94&$G94&P$1,[2]Sheet1!$B$1:$B$65808&[2]Sheet1!$D$1:$D$65808&[2]Sheet1!$E$1:$E$65808,0),MATCH($H94,[2]Sheet1!$F$1:$AF$1,0)),0)} -> 20 | U94: =ROUND((K94*P94+Q94*S94)/60+T94,1) -> 6.7 | V94: 任俊帆
A95: 1/8 | D95: DD-J10-21102-273 | E95: 4#上垫片 | F95: =+VLOOKUP(D95,[1]Sheet1!$D$2:$E$29166,2,0) -> 4#上垫片 | G95: B | H95: 20 | I95: {=INDEX([2]Sheet1!$F$1:$AF$65808,MATCH(D95&G95&I$1,[2]Sheet1!$B$1:$B$65808&[2]Sheet1!$D$1:$D$65808&[2]Sheet1!$E$1:$E$65808,0),MATCH(H95,[2]Sheet1!$F$1:$AF$1,0))} -> 20/钳工 | J95: 20 | K95: 20 | L95: 8 | M95: 8 | N95: C7P005 | P95: {=IFERROR(INDEX([2]Sheet1!$F$1:$AF$65808,MATCH($D95&$G95&P$1,[2]Sheet1!$B$1:$B$65808&[2]Sheet1!$D$1:$D$65808&[2]Sheet1!$E$1:$E$65808,0),MATCH($H95,[2]Sheet1!$F$1:$AF$1,0)),0)} -> 20 | U95: =ROUND((K95*P95+Q95*S95)/60+T95,1) -> 6.7 | V95: 任俊帆
A96: 1/8 | D96: DD-J10-21102-273 | E96: 4#上垫片 | F96: =+VLOOKUP(D96,[1]Sheet1!$D$2:$E$29166,2,0) -> 4#上垫片 | G96: B | H96: 20 | I96: {=INDEX([2]Sheet1!$F$1:$AF$65808,MATCH(D96&G96&I$1,[2]Sheet1!$B$1:$B$65808&[2]Sheet1!$D$1:$D$65808&[2]Sheet1!$E$1:$E$65808,0),MATCH(H96,[2]Sheet1!$F$1:$AF$1,0))} -> 20/钳工 | J96: 20 | K96: 20 | L96: 8 | M96: 8 | N96: C7P006 | P96: {=IFERROR(INDEX([2]Sheet1!$F$1:$AF$65808,MATCH($D96&$G96&P$1,[2]Sheet1!$B$1:$B$65808&[2]Sheet1!$D$1:$D$65808&[2]Sheet1!$E$1:$E$65808,0),MATCH($H96,[2]Sheet1!$F$1:$AF$1,0)),0)} -> 20 | U96: =ROUND((K96*P96+Q96*S96)/60+T96,1) -> 6.7 | V96: 任俊帆
A97: 1/8 | D97: DD-J10-21102-273 | E97: 4#上垫片 | F97: =+VLOOKUP(D97,[1]Sheet1!$D$2:$E$29166,2,0) -> 4#上垫片 | G97: B | H97: 20 | I97: {=INDEX([2]Sheet1!$F$1:$AF$65808,MATCH(D97&G97&I$1,[2]Sheet1!$B$1:$B$65808&[2]Sheet1!$D$1:$D$65808&[2]Sheet1!$E$1:$E$65808,0),MATCH(H97,[2]Sheet1!$F$1:$AF$1,0))} -> 20/钳工 | J97: 20 | K97: 20 | L97: 8 | M97: 8 | N97: C7P007 | P97: {=IFERROR(INDEX([2]Sheet1!$F$1:$AF$65808,MATCH($D97&$G97&P$1,[2]Sheet1!$B$1:$B$65808&[2]Sheet1!$D$1:$D$65808&[2]Sheet1!$E$1:$E$65808,0),MATCH($H97,[2]Sheet1!$F$1:$AF$1,0)),0)} -> 20 | U97: =ROUND((K97*P97+Q97*S97)/60+T97,1) -> 6.7 | V97: 任俊帆
A98: 1/8 | D98: DD-J10S-96011-1202 | E98: 接嘴 | F98: =+VLOOKUP(D98,[1]Sheet1!$D$2:$E$29166,2,0) -> 接嘴 | G98: B | H98: 15 | I98: {=INDEX([2]Sheet1!$F$1:$AF$65808,MATCH(D98&G98&I$1,[2]Sheet1!$B$1:$B$65808&[2]Sheet1!$D$1:$D$65808&[2]Sheet1!$E$1:$E$65808,0),MATCH(H98,[2]Sheet1!$F$1:$AF$1,0))} -> 15钳工 | J98: 80 | K98: 80 | L98: 8 | M98: 8 | N98: 6P004 | P98: {=IFERROR(INDEX([2]Sheet1!$F$1:$AF$65808,MATCH($D98&$G98&P$1,[2]Sheet1!$B$1:$B$65808&[2]Sheet1!$D$1:$D$65808&[2]Sheet1!$E$1:$E$65808,0),MATCH($H98,[2]Sheet1!$F$1:$AF$1,0)),0)} -> 30 | U98: =ROUND((K98*P98+Q98*S98)/60+T98,1) -> 40 | V98: 任俊帆
A99: 1/9 | D99: DD-J10S-96011-1811 | E99: 转接嘴 | F99: =+VLOOKUP(D99,[1]Sheet1!$D$2:$E$29166,2,0) -> 转接嘴 | G99: B | H99: 20 | I99: {=INDEX([2]Sheet1!$F$1:$AF$65808,MATCH(D99&G99&I$1,[2]Sheet1!$B$1:$B$65808&[2]Sheet1!$D$1:$D$65808&[2]Sheet1!$E$1:$E$65808,0),MATCH(H99,[2]Sheet1!$F$1:$AF$1,0))} -> 20/钳工 | J99: 20 | K99: 20 | L99: 8 | M99: 8 | N99: 6P004 | P99: {=IFERROR(INDEX([2]Sheet1!$F$1:$AF$65808,MATCH($D99&$G99&P$1,[2]Sheet1!$B$1:$B$65808&[2]Sheet1!$D$1:$D$65808&[2]Sheet1!$E$1:$E$65808,0),MATCH($H99,[2]Sheet1!$F$1:$AF$1,0)),0)} -> 25 | U99: =ROUND((K99*P99+Q99*S99)/60+T99,1) -> 8.3 | V99: 任俊帆
A100: 1/11 | D100: DD-J10S-96011-1201 | E100: 三通管 | F100: =+VLOOKUP(D100,[1]Sheet1!$D$2:$E$29166,2,0) -> 三通管 | G100: B | H100: 25 | I100: {=INDEX([2]Sheet1!$F$1:$AF$65808,MATCH(D100&G100&I$1,[2]Sheet1!$B$1:$B$65808&[2]Sheet1!$D$1:$D$65808&[2]Sheet1!$E$1:$E$65808,0),MATCH(H100,[2]Sheet1!$F$1:$AF$1,0))} -> 25/钳工 | J100: 15 | K100: 14 | L100: 8 | M100: 8 | N100: 6P004 | P100: {=IFERROR(INDEX([2]Sheet1!$F$1:$AF$65808,MATCH($D100&$G100&P$1,[2]Sheet1!$B$1:$B$65808&[2]Sheet1!$D$1:$D$65808&[2]Sheet1!$E$1:$E$65808,0),MATCH($H100,[2]Sheet1!$F$1:$AF$1,0)),0)} -> 30 | U100: =ROUND((K100*P100+Q100*S100)/60+T100,1) -> 7 | V100: 任俊帆
...

Sheet 数据源 (整理)
A1: 日 期 | B1: 班次 | C1: 机床号 | D1: 图 号 | E1: 零件名称 | F1: 校对 | G1: 成本核对 | H1: 版次 | I1: 工 序 | J1: 工序内容 | K1: 计划数量 | L1: 完成数量 | M1: 首检 | N1: 批检 | O1: 质量编号 | P1: 输入程序时间 | Q1: 程序时间 | R1: 准备工时 | S1: 输入准备工时 | T1: 调序 | U1: 辅助工时 | V1: 合计 | W1: 操作者 | X1: 备注 | Y1: 负责人签字
A2: 1/3 | D2: CB2284460-007-001 | E2: 四通接头 | F2: 四通接头 | G2: =IFERROR(VLOOKUP(D2,[5]成飞半成品!$A:$B,2,0),VLOOKUP(D2,[5]九院成本!$A$4:$B$48,2,0)) -> 四通接头 | H2: B | I2: 65 | J2: #VALUE! | K2: 8 | L2: 8 | M2: 8 | N2: 8 | O2: 6P001 6P003 | Q2: 35 | V2: 4.7 | W2: 毛波
A3: 1/4 | D3: DD-J10-21102-32-Z | E3: 10460上接头 | F3: 10460上接头 | G3: =IFERROR(VLOOKUP(D3,[5]成飞半成品!$A:$B,2,0),VLOOKUP(D3,[5]九院成本!$A$4:$B$48,2,0)) -> 10060下接头 | H3: D | I3: 40 | J3: 40/钳工 | K3: 2 | L3: 2 | M3: 30 | N3: 30 | O3: C7P007-C7P008 | Q3: 15 | V3: 0.5 | W3: 毛波
A4: 1/5 | D4: CB221T3LG-002-001 | E4: 接头 | F4: 接头 | G4: =IFERROR(VLOOKUP(D4,[5]成飞半成品!$A:$B,2,0),VLOOKUP(D4,[5]九院成本!$A$4:$B$48,2,0)) -> 接头 | H4: B | I4: 10 | J4: 10/钳工 | K4: 5 | L4: 5 | M4: 8 | N4: 8 | O4: 6P001 | Q4: 15 | V4: 1.3 | W4: 毛波 | X4: Q 去毛刺 打钢印 5根料
A5: 1/7 | D5: CB22836Y6-003-001 | E5: 轴 | F5: 轴 | G5: =IFERROR(VLOOKUP(D5,[5]成飞半成品!$A:$B,2,0),VLOOKUP(D5,[5]九院成本!$A$4:$B$48,2,0)) -> 轴 | H5: B | I5: 15 | J5: 15/钳工 | K5: 2 | L5: 2 | M5: 8 | N5: 8 | O5: 1P004 2P004 | Q5: 4 | V5: 0.1 | W5: 毛波
A6: 1/7 | D6: CB2283664-002-001 | E6: 法兰 | F6: 法兰 | G6: =IFERROR(VLOOKUP(D6,[5]成飞半成品!$A:$B,2,0),VLOOKUP(D6,[5]九院成本!$A$4:$B$48,2,0)) -> 法兰 | H6: C | I6: 35 | J6: 35/钳工 | K6: 80 | L6: 80 | M6: 8 | N6: 8 | O6: 6P001 | Q6: 25 | V6: 33.3 | W6: 毛波
A7: 1/8 | D7: DD-J10-21102-32-Y | E7: 10060下接头 | F7: 10060下接头 | G7: =IFERROR(VLOOKUP(D7,[5]成飞半成品!$A:$B,2,0),VLOOKUP(D7,[5]九院成本!$A$4:$B$48,2,0)) -> 10060下接头 | H7: D | I7: 40 | J7: 40/钳工 | K7: 2 | L7: 2 | M7: 30 | N7: 30 | O7: C7P001 C7P002 | Q7: 15 | V7: 0.5 | W7: 毛波
A8: 1/8 | D8: CB5350500-010L006 | E8: 1号护板维型肋左件 | F8: 1号护板维型肋左件 | G8: =IFERROR(VLOOKUP(D8,[5]成飞半成品!$A:$B,2,0),VLOOKUP(D8,[5]九院成本!$A$4:$B$48,2,0)) -> 1号护板维型肋左件 | H8: B | I8: 35 | J8: 35/钳工 | K8: 23 | L8: 23 | M8: 8 | N8: 8 | O8: 6P001 | Q8: 45 | V8: 17.3 | W8: 毛波
A9: 1/9 | D9: CB2747GA0-002-002 | E9: 扩压式管接头 | F9: 扩压式管接头 | G9: =IFERROR(VLOOKUP(D9,[5]成飞半成品!$A:$B,2,0),VLOOKUP(D9,[5]九院成本!$A$4:$B$48,2,0)) -> 扩压式管接头 | H9: C | I9: 45 | J9: 45/钳工 | K9: 30 | L9: 30 | M9: 8 | N9: 8 | O9: 6P001 | Q9: 40 | V9: 20 | W9: 毛波
A10: 1/11 | D10: DD-J10B-94076-2031/3 | E10: 接管嘴 | F10: 接管嘴 | G10: =IFERROR(VLOOKUP(D10,[5]成飞半成品!$A:$B,2,0),VLOOKUP(D10,[5]九院成本!$A$4:$B$48,2,0)) -> 接管嘴 | H10: B | I10: 35 | J10: 35/钳工 | K10: 29 | L10: 29 | M10: 8 | N10: 8 | O10: 6P003 6P005 | Q10: 35 | V10: 16.9 | W10: 毛波
A11: 1/11 | D11: 5317C23409G70 | E11: 立柱加强接头 | F11: 立柱加强接头 | G11: =IFERROR(VLOOKUP(D11,[5]成飞半成品!$A:$B,2,0),VLOOKUP(D11,[5]九院成本!$A$4:$B$48,2,0)) -> 立柱加强接头 | H11: A | I11: 35 | J11: 35钳工 | K11: 9 | L11: 9 | M11: 8 | N11: 8 | O11: 3A | Q11: 50 | V11: 7.5 | W11: 毛波
A12: 1/12 | D12: DD-J10B-94076-501-Z | E12: 拉杆支座 | F12: 拉杆支座 | G12: =IFERROR(VLOOKUP(D12,[5]成飞半成品!$A:$B,2,0),VLOOKUP(D12,[5]九院成本!$A$4:$B$48,2,0)) -> 拉杆支座 | H12: B | I12: 80 | J12: 80/检验 | K12: 12 | L12: 12 | M12: 8 | N12: 8 | O12: 6P005 | Q12: 0 | V12: 0 | W12: 毛波
A13: 1/12 | D13: DD-J10B-61041-18 | E13: 管接头 | F13: 管接头 | G13: =IFERROR(VLOOKUP(D13,[5]成飞半成品!$A:$B,2,0),VLOOKUP(D13,[5]九院成本!$A$4:$B$48,2,0)) -> 管接头 | H13: C | I13: 35 | J13: 35/钳工 | K13: 60 | L13: 60 | M13: 8 | N13: 8 | O13: 6P004 | Q13: 30 | V13: 30 | W13: 毛波
A14: 1/13 | D14: CB5811100-010-001 | E14: 螺栓 | F14: 螺栓 | G14: =IFERROR(VLOOKUP(D14,[5]成飞半成品!$A:$B,2,0),VLOOKUP(D14,[5]九院成本!$A$4:$B$48,2,0)) -> 螺栓 | H14: C | I14: 50 | J14: 50/钳工 | K14: 20 | L14: 20 | M14: 8 | N14: 8 | O14: 6P001 | Q14: 25 | V14: 8.3 | W14: 毛波
A15: 1/13 | D15: C256300800-003-001 | E15: 垫圈 | F15: 垫圈 | G15: =IFERROR(VLOOKUP(D15,[5]成飞半成品!$A:$B,2,0),VLOOKUP(D15,[5]九院成本!$A$4:$B$48,2,0)) -> 垫圈 | H15: A | I15: 10 | J15: 10钳工 | K15: 2 | L15: 2 | M15: 8 | N15: 8 | O15: 00P001 | Q15: 4 | V15: 0.1 | W15: 毛波 | X15: D 打钢印 2根料
A16: 1/13 | D16: 5319C96017G70 | E16: 短框连接块 | F16: 短框连接块 | G16: =IFERROR(VLOOKUP(D16,[5]成飞半成品!$A:$B,2,0),VLOOKUP(D16,[5]九院成本!$A$4:$B$48,2,0)) -> 短框连接块 | H16: A | I16: 30 | J16: 30/钳工 | K16: 8 | L16: 8 | M16: 8 | N16: 8 | O16: 3A | Q16: 50 | V16: 6.7 | W16: 毛波
A17: 1/13 | D17: DD-J10-21102-32-Y | E17: 10060下接头 | F17: 10060下接头 | G17: =IFERROR(VLOOKUP(D17,[5]成飞半成品!$A:$B,2,0),VLOOKUP(D17,[5]九院成本!$A$4:$B$48,2,0)) -> 10060下接头 | H17: D | I17: 40 | J17: 40/钳工 | K17: 6 | L17: 6 | M17: 30 | N17: 30 | O17: C7P003-C7P008 | Q17: 15 | V17: 1.5 | W17: 毛波
A18: 1/14 | D18: DD-J10-61101-5001/16 | E18: 管接头 | F18: 管接头 | G18: =IFERROR(VLOOKUP(D18,[5]成飞半成品!$A:$B,2,0),VLOOKUP(D18,[5]九院成本!$A$4:$B$48,2,0)) -> 管接头 | H18: C | I18: 35 | J18: 35/钳工 | K18: 20 | L18: 20 | M18: 8 | N18: 8 | O18: C6P004 | Q18: 30 | V18: 10 | W18: 毛波
A19: 1/15 | D19: DD-J10-61052-172 | E19: 接管嘴 | F19: 接管嘴 | G19: =IFERROR(VLOOKUP(D19,[5]成飞半成品!$A:$B,2,0),VLOOKUP(D19,[5]九院成本!$A$4:$B$48,2,0)) -> 接管嘴 | H19: B | I19: 30 | J19: 30/钳工 | K19: 60 | L19: 60 | M19: 8 | N19: 8 | O19: C6P005 | Q19: 25 | V19: 25 | W19: 毛波
A20: 1/15 | D20: C221069811-001-001 | E20: 平管嘴 | F20: 平管嘴 | G20: =IFERROR(VLOOKUP(D20,[5]成飞半成品!$A:$B,2,0),VLOOKUP(D20,[5]九院成本!$A$4:$B$48,2,0)) -> 平管嘴 | H20: A | I20: 10 | J20: 10钳工 | K20: 14 | L20: 14 | M20: 8 | N20: 8 | O20: 00P001 00P002 | Q20: 4 | V20: 0.9 | W20: 毛波
A21: 1/16 | D21: CB5811100-010-001 | E21: 螺栓 | F21: 螺栓 | G21: =IFERROR(VLOOKUP(D21,[5]成飞半成品!$A:$B,2,0),VLOOKUP(D21,[5]九院成本!$A$4:$B$48,2,0)) -> 螺栓 | H21: C | I21: 70 | J21: 0 | K21: 20 | L21: 20 | M21: 8 | N21: 8 | O21: 6P001 | Q21: 0 | V21: 0 | W21: 毛波
A22: 1/16 | D22: CB221T2LN-001-001 | E22: 接管嘴 | F22: 接管嘴 | G22: =IFERROR(VLOOKUP(D22,[5]成飞半成品!$A:$B,2,0),VLOOKUP(D22,[5]九院成本!$A$4:$B$48,2,0)) -> 接管嘴 | H22: B | I22: 35 | J22: 35/钳工 | K22: 19 | L22: 19 | M22: 8 | N22: 8 | O22: 6P001 | Q22: 15 | V22: 4.8 | W22: 毛波
A23: 1/16 | D23: BC221T1BB-001-001 | E23: 法兰 | F23: 法兰 | G23: =IFERROR(VLOOKUP(D23,[5]成飞半成品!$A:$B,2,0),VLOOKUP(D23,[5]九院成本!$A$4:$B$48,2,0)) -> 法兰 | H23: C | I23: 50 | J23: 50/钳工 | K23: 2 | L23: 2 | M23: 8 | N23: 8 | O23: 2P004 | Q23: 50 | V23: 1.7 | W23: 毛波
A24: 1/16 | D24: DD-J10B-61201-12 | E24: 接头 | F24: 接头 | G24: =IFERROR(VLOOKUP(D24,[5]成飞半成品!$A:$B,2,0),VLOOKUP(D24,[5]九院成本!$A$4:$B$48,2,0)) -> 接头 | H24: E | I24: 35 | J24: 35/钳工 | K24: 21 | L24: 21 | M24: 8 | N24: 8 | O24: 7P003 | Q24: 20 | V24: 7 | W24: 毛波
A25: 1/18 | D25: DD-J10B-94091-24G2 | E25: 20-28变径直通接头 | F25: 20-28变径直通接头 | G25: =IFERROR(VLOOKUP(D25,[5]成飞半成品!$A:$B,2,0),VLOOKUP(D25,[5]九院成本!$A$4:$B$48,2,0)) -> 20-28变径直通接头 | H25: B | I25: 10 | J25: 10/钳毛刺 | K25: 20 | L25: 20 | M25: 8 | N25: 8 | O25: 6P004 | Q25: 10 | V25: 3.3 | W25: 毛波
A26: 1/18 | D26: 5319C22035G70 | E26: 支架 | F26: 支架 | G26: =IFERROR(VLOOKUP(D26,[5]成飞半成品!$A:$B,2,0),VLOOKUP(D26,[5]九院成本!$A$4:$B$48,2,0)) -> 支架 | H26: A | I26: 25 | J26: 25钳工 | K26: 4 | L26: 4 | M26: 8 | N26: 8 | O26: 3A | Q26: 45 | V26: 3 | W26: 毛波
A27: 1/3 | D27: CB5323210-005L065 | E27: 9350-11140左侧上梁 | F27: 9350-11140左侧上梁 | G27: =IFERROR(VLOOKUP(D27,[5]成飞半成品!$A:$B,2,0),VLOOKUP(D27,[5]九院成本!$A$4:$B$48,2,0)) -> 9350-11140左侧上梁 | H27: C | I27: 40 | J27: #N/A | K27: 4 | L27: 4 | M27: 8 | N27: 8 | O27: 5P009 5P011 5P013 5P020 | Q27: 1440 | V27: 96 | W27: 曾云江/黄庆
A28: 1/4 | D28: 2020-10-N-75 | E28: XXXXXXX离心夹具3组合件 | F28: XXXXXXX离心夹具3组合件 | G28: =IFERROR(VLOOKUP(D28,[5]成飞半成品!$A:$B,2,0),VLOOKUP(D28,[5]九院成本!$A$4:$B$48,2,0)) -> 1N-2020-10-025 | H28: A | I28: 8 | J28: #N/A | K28: 2 | L28: 2 | M28: 8 | N28: 8 | O28: 2020-10-N-75 | Q28: 60 | V28: 2 | W28: 曾云江
A29: 1/5 | D29: CB5327110-003R002 | E29: 8635右隔框 | F29: 8635右隔框 | G29: =IFERROR(VLOOKUP(D29,[5]成飞半成品!$A:$B,2,0),VLOOKUP(D29,[5]九院成本!$A$4:$B$48,2,0)) -> 8635右隔框 | H29: E | I29: 35 | J29: 35/钳工 | K29: 3 | L29: 3 | M29: 8 | N29: 8 | O29: 5P008 5P017-5P018 | Q29: 120 | V29: 6 | W29: 曾云江
A30: 1/5 | D30: 工装 | E30: 后隔框 | F30: 后隔框 | G30: =IFERROR(VLOOKUP(D30,[5]成飞半成品!$A:$B,2,0),VLOOKUP(D30,[5]九院成本!$A$4:$B$48,2,0)) -> 工装 | H30: A-1 | I30: 45 | J30: 45/钳钻孔 | K30: 1 | L30: 1 | M30: 8 | N30: 8 | O30: 4P015 | Q30: 960 | V30: 16 | W30: 曾云江/黄庆
A31: 1/5 | D31: =O31 -> 2020-07-N-67 | E31: D 导向块 | F31: 密封圈3 | G31: =IFERROR(VLOOKUP(D31,[5]成飞半成品!$A:$B,2,0),VLOOKUP(D31,[5]九院成本!$A$4:$B$48,2,0)) -> 1N-2020-06-067 | I31: 35 | J31: #N/A | K31: 2300 | L31: 1200 | M31: 8 | N31: 8 | O31: 2020-07-N-67 | Q31: 15 | V31: 300 | W31: 曾云江
A32: 1/8 | D32: CB5327110-003L002 | E32: 8635左隔框 | F32: 8635左隔框 | G32: =IFERROR(VLOOKUP(D32,[5]成飞半成品!$A:$B,2,0),VLOOKUP(D32,[5]九院成本!$A$4:$B$48,2,0)) -> 8635左隔框 | H32: E | I32: 35 | J32: 35/钳工 | K32: 3 | L32: 3 | M32: 8 | N32: 8 | O32: 5P002 5P016 5P018 | Q32: 120 | V32: 6 | W32: 曾云江
A33: 1/8 | D33: CB5327110-003R002 | E33: 8635右隔框 | F33: 8635右隔框 | G33: =IFERROR(VLOOKUP(D33,[5]成飞半成品!$A:$B,2,0),VLOOKUP(D33,[5]九院成本!$A$4:$B$48,2,0)) -> 8635右隔框 | H33: E | I33: 45 | J33: 45/钳工 | K33: 3 | L33: 3 | M33: 30 | N33: 30 | O33: 5P008 5P017-5P018 | Q33: 480 | V33: 24 | W33: 曾云江
A34: 1/9 | D34: CB5327110-003L002 | E34: 8635左隔框 | F34: 8635左隔框 | G34: =IFERROR(VLOOKUP(D34,[5]成飞半成品!$A:$B,2,0),VLOOKUP(D34,[5]九院成本!$A$4:$B$48,2,0)) -> 8635左隔框 | H34: E | I34: 45 | J34: 45/钳工 | K34: 3 | L34: 3 | M34: 30 | N34: 30 | O34: 5P002 5P016 5P018 | Q34: 480 | V34: 24 | W34: 曾云江
A35: 1/9 | D35: CB5323210-005L065 | E35: 9350-11140左侧上梁 | F35: 9350-11140左侧上梁 | G35: =IFERROR(VLOOKUP(D35,[5]成飞半成品!$A:$B,2,0),VLOOKUP(D35,[5]九院成本!$A$4:$B$48,2,0)) -> 9350-11140左侧上梁 | H35: C | I35: 50 | J35: #N/A | K35: 1 | L35: 1 | M35: 8 | N35: 8 | O35: 5P009 | Q35: 1440 | V35: 24 | W35: 曾云江/黄庆
A36: 1/12 | D36: CB5323210-005L065 | E36: 9350-11140左侧上梁 | F36: 9350-11140左侧上梁 | G36: =IFERROR(VLOOKUP(D36,[5]成飞半成品!$A:$B,2,0),VLOOKUP(D36,[5]九院成本!$A$4:$B$48,2,0)) -> 9350-11140左侧上梁 | H36: C | I36: 50 | J36: #N/A | K36: 1 | L36: 1 | M36: 8 | N36: 8 | O36: 5P011 | Q36: 1440 | V36: 24 | W36: 曾云江/黄庆
A37: 1/13 | D37: 工装 | E37: 后隔框 | F37: 后隔框 | G37: =IFERROR(VLOOKUP(D37,[5]成飞半成品!$A:$B,2,0),VLOOKUP(D37,[5]九院成本!$A$4:$B$48,2,0)) -> 工装 | H37: A-1 | I37: 45 | J37: 45/钳钻孔 | K37: 1 | L37: 1 | M37: 8 | N37: 8 | O37: 4P016 | Q37: 960 | V37: 16 | W37: 曾云江/黄庆
A38: 1/14-1/15 | D38: CB5327110-002L002 | E38: 8270侧隔框 | F38: 8270侧隔框 | G38: =IFERROR(VLOOKUP(D38,[5]成飞半成品!$A:$B,2,0),VLOOKUP(D38,[5]九院成本!$A$4:$B$48,2,0)) -> 8270左隔框 | H38: F | I38: 75 | J38: 75/钳工 | K38: 3 | L38: 3 | M38: 13 | N38: 13 | O38: 5P010-5P011 5P017 | Q38: 600 | V38: 30 | W38: 曾云江
A39: 1/14-1/15 | D39: CB5327110-002L002 | E39: 8270侧隔框 | F39: 8270侧隔框 | G39: =IFERROR(VLOOKUP(D39,[5]成飞半成品!$A:$B,2,0),VLOOKUP(D39,[5]九院成本!$A$4:$B$48,2,0)) -> 8270左隔框 | H39: F | I39: 75 | J39: 75/钳工 | K39: 3 | L39: 3 | M39: 8 | N39: 8 | O39: 5P010-5P011 5P017 | Q39: 600 | V39: 30 | W39: 曾云江
A40: 1/14-1/15 | D40: CB5327110-002R002 | E40: 8270侧隔框 | F40: 8270侧隔框 | G40: =IFERROR(VLOOKUP(D40,[5]成飞半成品!$A:$B,2,0),VLOOKUP(D40,[5]九院成本!$A$4:$B$48,2,0)) -> 8270右隔框 | H40: F | I40: 55 | J40: 55/钳工 | K40: 5 | L40: 5 | M40: 30 | N40: 30 | O40: 6P002-6P006 | Q40: 120 | V40: 10 | W40: 曾云江
A41: 1/14-1/15 | D41: CB5327110-002L002 | E41: 8270侧隔框 | F41: 8270侧隔框 | G41: =IFERROR(VLOOKUP(D41,[5]成飞半成品!$A:$B,2,0),VLOOKUP(D41,[5]九院成本!$A$4:$B$48,2,0)) -> 8270左隔框 | H41: F | I41: 55 | J41: 55/钳工 | K41: 5 | L41: 5 | M41: 30 | N41: 30 | O41: 6P002-6P006 | Q41: 120 | V41: 10 | W41: 曾云江
A42: 1/16 | D42: 2020-10-N-75 | E42: Z振动夹具 | F42: 衬片 | G42: =IFERROR(VLOOKUP(D42,[5]成飞半成品!$A:$B,2,0),VLOOKUP(D42,[5]九院成本!$A$4:$B$48,2,0)) -> 1N-2020-10-025 | H42: A | I42: 8 | J42: #N/A | K42: 2 | L42: 2 | M42: 8 | N42: 8 | O42: 2020-10-N-75 | Q42: 60 | V42: 2 | W42: 曾云江
A43: 1/16 | D43: CB5323220-052-024 | E43: 9350-11140右侧上梁 | F43: 9350-11140右侧上梁 | G43: =IFERROR(VLOOKUP(D43,[5]成飞半成品!$A:$B,2,0),VLOOKUP(D43,[5]九院成本!$A$4:$B$48,2,0)) -> 9350-11140右侧上梁 | H43: G | I43: 45 | J43: 35/五轴15 | K43: 1 | L43: 1 | M43: 8 | N43: 8 | O43: 5P005 | Q43: 1440 | V43: 24 | W43: 曾云江/黄庆
A44: 1/17 | D44: 2020-11-N-21 | E44: 卡接连接件I | F44: 卡接连接件I | G44: =IFERROR(VLOOKUP(D44,[5]成飞半成品!$A:$B,2,0),VLOOKUP(D44,[5]九院成本!$A$4:$B$48,2,0)) -> 1N-2020-10-071 | H44: A | I44: 35 | J44: #N/A | K44: 104 | L44: 104 | M44: 8 | N44: 8 | O44: 2020-11-N-21 | Q44: 15 | V44: 26 | W44: 曾云江
A45: 1/18 | D45: 2020-11-N-21 | E45: 卡接连接件II | F45: 卡接连接件II | G45: =IFERROR(VLOOKUP(D45,[5]成飞半成品!$A:$B,2,0),VLOOKUP(D45,[5]九院成本!$A$4:$B$48,2,0)) -> 1N-2020-10-071 | H45: A | I45: 35 | J45: #N/A | K45: 104 | L45: 104 | M45: 8 | N45: 8 | O45: 2020-11-N-21 | Q45: 15 | V45: 26 | W45: 曾云江
A46: 1/3 | D46: =O46 -> 2020-04-N-39 | E46: 介质固定块A | F46: #N/A | G46: =IFERROR(VLOOKUP(D46,[5]成飞半成品!$A:$B,2,0),VLOOKUP(D46,[5]九院成本!$A$4:$B$48,2,0)) -> 1N-2020-04-039 | H46: A | I46: 10 | J46: #N/A | K46: 18 | L46: 20 | M46: 8 | N46: 8 | O46: 2020-04-N-39 | Q46: 30 | V46: 10 | W46: 卢吉洪 | X46: 外加修理R接刀痕
A47: 1/3 | D47: =O47 -> 2020-04-N-39 | E47: 介质固定块B | F47: #N/A | G47: =IFERROR(VLOOKUP(D47,[5]成飞半成品!$A:$B,2,0),VLOOKUP(D47,[5]九院成本!$A$4:$B$48,2,0)) -> 1N-2020-04-039 | H47: A | I47: 10 | J47: #N/A | K47: 18 | L47: 20 | M47: 8 | N47: 8 | O47: 2020-04-N-39 | Q47: 30 | V47: 10 | W47: 卢吉洪
A48: 1/3 | D48: BC2332H01-008-001 | E48: 衬套 | F48: 衬套 | G48: =IFERROR(VLOOKUP(D48,[5]成飞半成品!$A:$B,2,0),VLOOKUP(D48,[5]九院成本!$A$4:$B$48,2,0)) -> 衬套 | H48: A | I48: 5 | J48: #N/A | K48: 3 | L48: 3 | M48: 8 | N48: 8 | O48: 1P005 | Q48: 10 | V48: 0.5 | W48: 卢吉洪 | X48: 1根料
A49: 1/4 | D49: CB5512300-004L002 | E49: 根肋前段 | F49: 根肋前段 | G49: =IFERROR(VLOOKUP(D49,[5]成飞半成品!$A:$B,2,0),VLOOKUP(D49,[5]九院成本!$A$4:$B$48,2,0)) -> 根肋前段 | H49: B | I49: 10 | J49: 10钳工 | K49: 6 | L49: 6 | M49: 8 | N49: 8 | O49: 5P012-5P013 5P016 5P019 4P013 4P015 | Q49: 150 | V49: 15 | W49: 卢吉洪
A50: 1/5 | D50: CB5512300-004L002 | E50: 根肋前段 | F50: 根肋前段 | G50: =IFERROR(VLOOKUP(D50,[5]成飞半成品!$A:$B,2,0),VLOOKUP(D50,[5]九院成本!$A$4:$B$48,2,0)) -> 根肋前段 | H50: B | I50: 10 | J50: 10钳工 | K50: 3 | L50: 3 | M50: 8 | N50: 8 | O50: 5P014 5P018 5P010 | Q50: 150 | V50: 7.5 | W50: 卢吉洪 | X50: 大件
A51: 1/5 | D51: CB5512300-005L002 | E51: 根肋后段 | F51: 根肋后段 | G51: =IFERROR(VLOOKUP(D51,[5]成飞半成品!$A:$B,2,0),VLOOKUP(D51,[5]九院成本!$A$4:$B$48,2,0)) -> 根肋后段 | H51: B | I51: 10 | J51: 10/钳工 | K51: 7 | L51: 7 | M51: 8 | N51: 8 | O51: 4P019-4P020 4P015 5P002-5P004 5P009 | Q51: 150 | V51: 17.5 | W51: 卢吉洪 | X51: 大件
A52: 1/5 | D52: CB5512300-005R002 | E52: 根肋后段 | F52: 根肋后段 | G52: =IFERROR(VLOOKUP(D52,[5]成飞半成品!$A:$B,2,0),VLOOKUP(D52,[5]九院成本!$A$4:$B$48,2,0)) -> 根肋后段 | H52: B | I52: 10 | J52: 10/钳工 | K52: 3 | L52: 3 | M52: 8 | N52: 8 | O52: 5P003 5P014 5P005 | Q52: 150 | V52: 7.5 | W52: 卢吉洪
A53: 1/5 | D53: BC5822100-007-001 | E53: 轴 | F53: 轴 | G53: =IFERROR(VLOOKUP(D53,[5]成飞半成品!$A:$B,2,0),VLOOKUP(D53,[5]九院成本!$A$4:$B$48,2,0)) -> 轴 | H53: B | I53: 45 | J53: 45/钳工 | K53: 99 | L53: 99 | M53: 8 | N53: 8 | O53: 3P042-3P145 | Q53: 15 | V53: 24.8 | W53: 卢吉洪 | X53: 回丝 去除毛刺
A54: 1/7 | D54: CB5512300-005R002 | E54: 根肋后段 | F54: 根肋后段 | G54: =IFERROR(VLOOKUP(D54,[5]成飞半成品!$A:$B,2,0),VLOOKUP(D54,[5]九院成本!$A$4:$B$48,2,0)) -> 根肋后段 | H54: B | I54: 10 | J54: 10/钳工 | K54: 1 | L54: 1 | M54: 8 | O54: 5p002 | Q54: 150 | V54: 2.5 | W54: 卢吉洪 | X54: 大件
A55: 1/7 | D55: CB5512300-004L002 | E55: 根肋前段 | F55: 根肋前段 | G55: =IFERROR(VLOOKUP(D55,[5]成飞半成品!$A:$B,2,0),VLOOKUP(D55,[5]九院成本!$A$4:$B$48,2,0)) -> 根肋前段 | H55: B | I55: 10 | J55: 10钳工 | K55: 3 | L55: 3 | M55: 8 | N55: 8 | O55: 5P011 5P015 5P017 | Q55: 150 | V55: 7.5 | W55: 卢吉洪 | X55: 大件
A56: 1/11 | D56: DD-J10B-94076-802 | E56: 支架 | F56: 支架 | G56: =IFERROR(VLOOKUP(D56,[5]成飞半成品!$A:$B,2,0),VLOOKUP(D56,[5]九院成本!$A$4:$B$48,2,0)) -> 支架 | H56: E | I56: 55 | J56: 55/钳工 | K56: 24 | L56: 10 | M56: 8 | N56: 8 | O56: 7P002 | Q56: 60 | V56: 10 | W56: 卢吉洪
A57: 1/12 | D57: 2020-10-N-35 | E57: M密封盒 | F57: 挡板 | G57: =IFERROR(VLOOKUP(D57,[5]成飞半成品!$A:$B,2,0),VLOOKUP(D57,[5]九院成本!$A$4:$B$48,2,0)) -> 1N-2020-09-040 | H57: A | I57: 30 | J57: #N/A | K57: 660 | L57: 665 | M57: 8 | N57: 8 | O57: 2020-10-N-35 | Q57: 10 | V57: 110.8 | W57: 卢吉洪 | X57: Q 去毛刺除所有毛刺，腐蚀
A58: 1/12 | D58: DD-J10-55023-632 | E58: 小衬套 | F58: 小衬套 | G58: =IFERROR(VLOOKUP(D58,[5]成飞半成品!$A:$B,2,0),VLOOKUP(D58,[5]九院成本!$A$4:$B$48,2,0)) -> 小衬套 | H58: C | I58: 30 | J58: 30/钳工 | K58: 20 | L58: 25 | M58: 8 | N58: 8 | O58: C7P001 | Q58: 20 | V58: 8.3 | W58: 卢吉洪
A59: 1/12 | D59: DD-J10-55023-632 | E59: 小衬套 | F59: 小衬套 | G59: =IFERROR(VLOOKUP(D59,[5]成飞半成品!$A:$B,2,0),VLOOKUP(D59,[5]九院成本!$A$4:$B$48,2,0)) -> 小衬套 | H59: C | I59: 30 | J59: 30/钳工 | K59: 8 | L59: 13 | M59: 8 | N59: 8 | O59: C4P005 | Q59: 20 | V59: 4.3 | W59: 卢吉洪
A60: 1/13 | D60: CB2285758-004-001 | E60: 接头 | F60: 接头 | G60: =IFERROR(VLOOKUP(D60,[5]成飞半成品!$A:$B,2,0),VLOOKUP(D60,[5]九院成本!$A$4:$B$48,2,0)) -> 接头 | H60: B | I60: 35 | J60: 35/钳工 | K60: 20 | L60: 20 | M60: 8 | N60: 8 | O60: 6P001 | Q60: 20 | U60: 4 | V60: 10.7 | W60: 卢吉洪 | X60: Q 去毛刺除 钻孔
A61: 1/14 | D61: 工装 | E61: 试棒 | F61: #N/A | G61: =IFERROR(VLOOKUP(D61,[5]成飞半成品!$A:$B,2,0),VLOOKUP(D61,[5]九院成本!$A$4:$B$48,2,0)) -> 工装 | I61: 钳工 | J61: #N/A | K61: 7 | L61: 7 | M61: 8 | N61: 8 | Q61: 30 | V61: 3.5 | W61: 卢吉洪 | X61: 3D打印 | Y61: X许阳波
A62: 1/15 | D62: DD-J10-54231-2-Z | E62: 鸭翼伺服作动器安装支座 | F62: #N/A | G62: =IFERROR(VLOOKUP(D62,[5]成飞半成品!$A:$B,2,0),VLOOKUP(D62,[5]九院成本!$A$4:$B$48,2,0)) -> 鸭翼伺服作动器安装支座 | H62: A | I62: 25 | J62: #N/A | K62: 14 | L62: 14 | M62: 8 | N62: 8 | O62: / | Q62: 480 | V62: 112 | W62: 卢吉洪 | X62: 攻M6 112个孔 各8件 去除所有毛刺
A63: 1-3-1/4 | D63: 工装 | E63: X箱体 | F63: #N/A | G63: =IFERROR(VLOOKUP(D63,[5]成飞半成品!$A:$B,2,0),VLOOKUP(D63,[5]九院成本!$A$4:$B$48,2,0)) -> 工装 | J63: #N/A | M63: 8 | N63: 8 | O63: / | Q63: 0 | U63: 16 | V63: 16 | W63: 李伟 | X63: 3D打印 去支撑 打磨
A64: 1/5 | D64: 工装 | E64: G格栅 | F64: #N/A | G64: =IFERROR(VLOOKUP(D64,[5]成飞半成品!$A:$B,2,0),VLOOKUP(D64,[5]九院成本!$A$4:$B$48,2,0)) -> 工装 | J64: #N/A | K64: 2 | L64: 2 | M64: 8 | N64: 8 | O64: / | Q64: 600 | V64: 20 | W64: 李伟 | X64: 3D打印 打磨 修配
A65: 1/6 | D65: 工装 | E65: G格栅 | F65: #N/A | G65: =IFERROR(VLOOKUP(D65,[5]成飞半成品!$A:$B,2,0),VLOOKUP(D65,[5]九院成本!$A$4:$B$48,2,0)) -> 工装 | I65: 20 | J65: #N/A | K65: 2 | L65: 2 | M65: 8 | N65: 8 | O65: / | Q65: 600 | V65: 20 | W65: 李伟 | X65: 3D打印 格栅 钻模
A66: 1/7 | D66: 工装 | E66: 圆饼 | F66: #N/A | G66: =IFERROR(VLOOKUP(D66,[5]成飞半成品!$A:$B,2,0),VLOOKUP(D66,[5]九院成本!$A$4:$B$48,2,0)) -> 工装 | J66: #N/A | K66: 2 | L66: 2 | M66: 8 | N66: 8 | O66: / | Q66: 720 | V66: 24 | W66: 李伟 | X66: 3D打印 打磨 抛光
A67: 1/8 | D67: 工装 | E67: 钛合金 | F67: #N/A | G67: =IFERROR(VLOOKUP(D67,[5]成飞半成品!$A:$B,2,0),VLOOKUP(D67,[5]九院成本!$A$4:$B$48,2,0)) -> 工装 | J67: #N/A | K67: 2 | L67: 2 | M67: 8 | N67: 8 | O67: / | Q67: 600 | V67: 20 | W67: 李伟 | X67: 3D打印 校形
A68: 1/8 | D68: 工装 | E68: J机匣 | F68: #N/A | G68: =IFERROR(VLOOKUP(D68,[5]成飞半成品!$A:$B,2,0),VLOOKUP(D68,[5]九院成本!$A$4:$B$48,2,0)) -> 工装 | J68: #N/A | K68: 2 | L68: 2 | M68: 8 | N68: 8 | O68: / | Q68: 840 | V68: 28 | W68: 李伟 | X68: 3D打印 去支撑 打磨 抛光
A69: 1/8 | D69: 工装 | E69: Y 圆饼 | F69: #N/A | G69: =IFERROR(VLOOKUP(D69,[5]成飞半成品!$A:$B,2,0),VLOOKUP(D69,[5]九院成本!$A$4:$B$48,2,0)) -> 工装 | J69: #N/A | K69: 3 | L69: 3 | M69: 8 | N69: 8 | O69: / | Q69: 600 | V69: 30 | W69: 李伟 | X69: 3D打印 去支撑 打磨 抛光
A70: 1/9 | D70: 工装 | E70: G格栅 | F70: #N/A | G70: =IFERROR(VLOOKUP(D70,[5]成飞半成品!$A:$B,2,0),VLOOKUP(D70,[5]九院成本!$A$4:$B$48,2,0)) -> 工装 | J70: #N/A | K70: 2 | L70: 2 | M70: 8 | N70: 8 | O70: / | Q70: 600 | V70: 20 | W70: 李伟 | X70: 3D打印 打磨 配模
A71: 1/9 | D71: 工装 | E71: R热校模 | F71: #N/A | G71: =IFERROR(VLOOKUP(D71,[5]成飞半成品!$A:$B,2,0),VLOOKUP(D71,[5]九院成本!$A$4:$B$48,2,0)) -> 工装 | J71: #N/A | K71: 2 | L71: 2 | M71: 8 | N71: 8 | O71: / | Q71: 720 | V71: 24 | W71: 李伟 | X71: 3D打印 去毛刺 打磨
A72: 1/12 | D72: 工装 | E72: M模型 | F72: #N/A | G72: =IFERROR(VLOOKUP(D72,[5]成飞半成品!$A:$B,2,0),VLOOKUP(D72,[5]九院成本!$A$4:$B$48,2,0)) -> 工装 | J72: #N/A | K72: 3 | L72: 3 | M72: 8 | N72: 8 | O72: / | Q72: 600 | V72: 30 | W72: 李伟 | X72: 132 支撑 打磨 抛光
A73: 1/3 | D73: 2020-10-N-75 | E73: XXXXW3XXX振动夹具组合件 | F73: XXXXW3XXX振动夹具组合件 | G73: =IFERROR(VLOOKUP(D73,[5]成飞半成品!$A:$B,2,0),VLOOKUP(D73,[5]九院成本!$A$4:$B$48,2,0)) -> 1N-2020-10-025 | H73: A | I73: 5 | J73: #N/A | K73: 1 | L73: 1 | M73: 8 | N73: 8 | O73: 2020-10-N-75 | Q73: 1750 | V73: 29.2 | W73: 邓长安
A74: 1/3 | D74: 2020-10-N-75 | E74: XXXXW3XXX振动夹具组合件 | F74: 盖板 | G74: =IFERROR(VLOOKUP(D74,[5]成飞半成品!$A:$B,2,0),VLOOKUP(D74,[5]九院成本!$A$4:$B$48,2,0)) -> 1N-2020-10-025 | H74: A | I74: 10 | J74: #N/A | K74: 1 | L74: 1 | M74: 8 | N74: 8 | O74: 2020-10-N-75 | Q74: 700 | V74: 11.7 | W74: 邓长安
A75: 1/3 | D75: 2020-10-N-35 | E75: 光开关盖 | F75: 光开关盖 | G75: =IFERROR(VLOOKUP(D75,[5]成飞半成品!$A:$B,2,0),VLOOKUP(D75,[5]九院成本!$A$4:$B$48,2,0)) -> 1N-2020-09-040 | H75: A | I75: 25 | J75: #N/A | K75: 660 | L75: 666 | M75: 8 | N75: 8 | O75: 2020-10-N-35 | Q75: 5 | V75: 55.5 | W75: 邓长安
A76: 1/4 | D76: 工装 | E76: 维修工装 | F76: #N/A | G76: =IFERROR(VLOOKUP(D76,[5]成飞半成品!$A:$B,2,0),VLOOKUP(D76,[5]九院成本!$A$4:$B$48,2,0)) -> 工装 | J76: #N/A | K76: 1 | L76: 1 | M76: 8 | N76: 8 | Q76: 0 | U76: 8 | V76: 8 | W76: 邓长安 | X76: H合计8H | Y76: x许阳波
A77: 1/5 | D77: 2020-10-N-35 | E77: J绝缘板 | F77: #N/A | G77: =IFERROR(VLOOKUP(D77,[5]成飞半成品!$A:$B,2,0),VLOOKUP(D77,[5]九院成本!$A$4:$B$48,2,0)) -> 1N-2020-09-040 | H77: A | I77: 25 | J77: #N/A | K77: 660 | L77: 521 | M77: 8 | N77: 8 | O77: 2020-10-N-35 | Q77: 4 | V77: 34.7 | W77: 邓长安
A78: 1/8 | D78: DD-J10B-86051-2 | E78: 激励器转接件 | F78: 激励器转接件 | G78: =IFERROR(VLOOKUP(D78,[5]成飞半成品!$A:$B,2,0),VLOOKUP(D78,[5]九院成本!$A$4:$B$48,2,0)) -> 激励器转接件 | H78: F | I78: 65 | J78: 65/钳工 | K78: 12 | L78: 12 | M78: 8 | N78: 8 | O78: 7P002 | Q78: 60 | V78: 12 | W78: 邓长安
A79: 1/11 | D79: 2020-10-N-75 | E79: XXXXW3XXX振动夹具组合件 | F79: 衬片 | G79: =IFERROR(VLOOKUP(D79,[5]成飞半成品!$A:$B,2,0),VLOOKUP(D79,[5]九院成本!$A$4:$B$48,2,0)) -> 1N-2020-10-025 | H79: A | I79: 10 | J79: #N/A | K79: 2 | L79: 2 | M79: 8 | N79: 8 | O79: 2020-10-N-75 | Q79: 960 | V79: 32 | W79: 邓长安 | X79: 238
A80: 1/11 | D80: 2020-10-N-75 | E80: XXXXW1XXXX振动夹具组合件 | F80: XXXXW1XXXX振动夹具组合件 | G80: =IFERROR(VLOOKUP(D80,[5]成飞半成品!$A:$B,2,0),VLOOKUP(D80,[5]九院成本!$A$4:$B$48,2,0)) -> 1N-2020-10-025 | H80: A | I80: 5 | J80: #N/A | K80: 2 | L80: 2 | M80: 8 | N80: 8 | O80: 2020-10-N-75 | Q80: 2400 | V80: 80 | W80: 邓长安 | X80: 238
A81: 1/13 | D81: 2020-10-N-75 | E81: XXXXXXX离心夹具 | F81: XXX阴极座 | G81: =IFERROR(VLOOKUP(D81,[5]成飞半成品!$A:$B,2,0),VLOOKUP(D81,[5]九院成本!$A$4:$B$48,2,0)) -> 1N-2020-10-025 | H81: A | I81: 10 | J81: #N/A | K81: 2 | L81: 1 | M81: 8 | N81: 8 | O81: 2020-10-N-75 | Q81: 1450 | V81: 24.2 | W81: 邓长安
A82: 1/13 | D82: 2020-10-N-75 | E82: XXXXXXX离心夹具 | F82: XXXXXXX离心夹具2组合件 | G82: =IFERROR(VLOOKUP(D82,[5]成飞半成品!$A:$B,2,0),VLOOKUP(D82,[5]九院成本!$A$4:$B$48,2,0)) -> 1N-2020-10-025 | H82: A | I82: 5 | J82: #N/A | K82: 2 | L82: 1 | M82: 8 | N82: 8 | O82: 2020-10-N-75 | Q82: 580 | V82: 9.7 | W82: 邓长安
A83: 1/13 | D83: DD-J10-94021-730-3 | E83: 环 | F83: 环 | G83: =IFERROR(VLOOKUP(D83,[5]成飞半成品!$A:$B,2,0),VLOOKUP(D83,[5]九院成本!$A$4:$B$48,2,0)) -> 环 | H83: B | I83: 5 | J83: 5/钳工 | K83: 82 | L83: 124 | M83: 8 | N83: 8 | Q83: 5 | V83: 10.3 | W83: 邓长安 | X83: 三批次
A84: 1/13 | D84: BC5525200-003-002 | E84: 对穿螺栓 | F84: 对穿螺栓 | G84: =IFERROR(VLOOKUP(D84,[5]成飞半成品!$A:$B,2,0),VLOOKUP(D84,[5]九院成本!$A$4:$B$48,2,0)) -> 对穿螺栓 | H84: B | I84: 40 | J84: 35数车10 | K84: 4 | L84: 4 | M84: 8 | N84: 8 | O84: 1P067 -1P070 | Q84: 25 | V84: 1.7 | W84: 邓长安
A85: 1/13 | D85: DD-J10B-77101-963 | E85: 卡箍扣 | F85: 卡箍扣 | G85: =IFERROR(VLOOKUP(D85,[5]成飞半成品!$A:$B,2,0),VLOOKUP(D85,[5]九院成本!$A$4:$B$48,2,0)) -> 卡箍扣 | H85: B | I85: 45 | J85: 45/钳工 | K85: 40 | L85: 43 | M85: 8 | N85: 8 | O85: 6P005 | Q85: 60 | V85: 43 | W85: 邓长安
A86: 1/14 | D86: DD-J10B-61001-1 | E86: 支座 | F86: #N/A | G86: =IFERROR(VLOOKUP(D86,[5]成飞半成品!$A:$B,2,0),VLOOKUP(D86,[5]九院成本!$A$4:$B$48,2,0)) -> 接头 | I86: 钳工 | J86: #N/A | L86: 23 | M86: 8 | N86: 8 | O86: 7P002 | Q86: 70 | V86: 26.8 | W86: 邓长安 | X86: M每件70分钟 | Y86: x许阳波
A87: 1/14 | D87: 5319C02301G70 | E87: 接头 | F87: 接头 | G87: =IFERROR(VLOOKUP(D87,[5]成飞半成品!$A:$B,2,0),VLOOKUP(D87,[5]九院成本!$A$4:$B$48,2,0)) -> 接头 | H87: A | I87: 钳工 | J87: #N/A | L87: 8 | M87: 8 | N87: 8 | O87: 3A | Q87: 15 | V87: 2 | W87: 邓长安 | X87: M每件15分钟 | Y87: X许阳波
A88: 1/4 | D88: =O88 -> 2020-07-N-67 | E88: D 导向块 | F88: 密封圈3 | G88: =IFERROR(VLOOKUP(D88,[5]成飞半成品!$A:$B,2,0),VLOOKUP(D88,[5]九院成本!$A$4:$B$48,2,0)) -> 1N-2020-06-067 | H88: A | I88: 40 | J88: #N/A | K88: 2299 | L88: 1200 | M88: 8 | N88: 8 | O88: 2020-07-N-67 | Q88: 3 | V88: 60 | W88: 任俊帆
A89: 1/7 | D89: DD-J10-21102-274 | E89: 4#下垫片 | F89: 4#下垫片 | G89: =IFERROR(VLOOKUP(D89,[5]成飞半成品!$A:$B,2,0),VLOOKUP(D89,[5]九院成本!$A$4:$B$48,2,0)) -> 4#下垫片 | H89: B | I89: 20 | J89: 20/钳工 | K89: 20 | L89: 20 | M89: 8 | N89: 8 | O89: C7P007 | Q89: 20 | V89: 6.7 | W89: 任俊帆
A90: 1/7 | D90: DD-J10-21102-274 | E90: 4#下垫片 | F90: 4#下垫片 | G90: =IFERROR(VLOOKUP(D90,[5]成飞半成品!$A:$B,2,0),VLOOKUP(D90,[5]九院成本!$A$4:$B$48,2,0)) -> 4#下垫片 | H90: B | I90: 20 | J90: 20/钳工 | K90: 20 | L90: 20 | M90: 8 | N90: 8 | O90: C7P006 | Q90: 20 | V90: 6.7 | W90: 任俊帆
A91: 1/7 | D91: DD-J10-21102-274 | E91: 4#下垫片 | F91: 4#下垫片 | G91: =IFERROR(VLOOKUP(D91,[5]成飞半成品!$A:$B,2,0),VLOOKUP(D91,[5]九院成本!$A$4:$B$48,2,0)) -> 4#下垫片 | H91: B | I91: 20 | J91: 20/钳工 | K91: 20 | L91: 20 | M91: 8 | N91: 8 | O91: C7P005 | Q91: 20 | V91: 6.7 | W91: 任俊帆
A92: 1/7 | D92: DD-J10-21102-274 | E92: 4#下垫片 | F92: 4#下垫片 | G92: =IFERROR(VLOOKUP(D92,[5]成飞半成品!$A:$B,2,0),VLOOKUP(D92,[5]九院成本!$A$4:$B$48,2,0)) -> 4#下垫片 | H92: B | I92: 20 | J92: 20/钳工 | K92: 20 | L92: 20 | O92: C7P004 | Q92: 20 | V92: 6.7 | W92: 任俊帆
A93: 1/7 | D93: DD-J10-21102-274 | E93: 4#下垫片 | F93: 4#下垫片 | G93: =IFERROR(VLOOKUP(D93,[5]成飞半成品!$A:$B,2,0),VLOOKUP(D93,[5]九院成本!$A$4:$B$48,2,0)) -> 4#下垫片 | H93: B | I93: 20 | J93: 20/钳工 | K93: 20 | L93: 20 | O93: C7P003 | Q93: 20 | V93: 6.7 | W93: 任俊帆
A94: 1/8 | D94: DD-J10-21102-273 | E94: 4#上垫片 | F94: 4#上垫片 | G94: =IFERROR(VLOOKUP(D94,[5]成飞半成品!$A:$B,2,0),VLOOKUP(D94,[5]九院成本!$A$4:$B$48,2,0)) -> 4#上垫片 | H94: B | I94: 20 | J94: 20/钳工 | K94: 20 | L94: 20 | M94: 8 | N94: 8 | O94: C7P004 | Q94: 20 | V94: 6.7 | W94: 任俊帆
A95: 1/8 | D95: DD-J10-21102-273 | E95: 4#上垫片 | F95: 4#上垫片 | G95: =IFERROR(VLOOKUP(D95,[5]成飞半成品!$A:$B,2,0),VLOOKUP(D95,[5]九院成本!$A$4:$B$48,2,0)) -> 4#上垫片 | H95: B | I95: 20 | J95: 20/钳工 | K95: 20 | L95: 20 | M95: 8 | N95: 8 | O95: C7P005 | Q95: 20 | V95: 6.7 | W95: 任俊帆
A96: 1/8 | D96: DD-J10-21102-273 | E96: 4#上垫片 | F96: 4#上垫片 | G96: =IFERROR(VLOOKUP(D96,[5]成飞半成品!$A:$B,2,0),VLOOKUP(D96,[5]九院成本!$A$4:$B$48,2,0)) -> 4#上垫片 | H96: B | I96: 20 | J96: 20/钳工 | K96: 20 | L96: 20 | M96: 8 | N96: 8 | O96: C7P006 | Q96: 20 | V96: 6.7 | W96: 任俊帆
A97: 1/8 | D97: DD-J10-21102-273 | E97: 4#上垫片 | F97: 4#上垫片 | G97: =IFERROR(VLOOKUP(D97,[5]成飞半成品!$A:$B,2,0),VLOOKUP(D97,[5]九院成本!$A$4:$B$48,2,0)) -> 4#上垫片 | H97: B | I97: 20 | J97: 20/钳工 | K97: 20 | L97: 20 | M97: 8 | N97: 8 | O97: C7P007 | Q97: 20 | V97: 6.7 | W97: 任俊帆
A98: 1/8 | D98: DD-J10S-96011-1202 | E98: 接嘴 | F98: 接嘴 | G98: =IFERROR(VLOOKUP(D98,[5]成飞半成品!$A:$B,2,0),VLOOKUP(D98,[5]九院成本!$A$4:$B$48,2,0)) -> 接嘴 | H98: B | I98: 15 | J98: 15钳工 | K98: 80 | L98: 80 | M98: 8 | N98: 8 | O98: 6P004 | Q98: 30 | V98: 40 | W98: 任俊帆
A99: 1/9 | D99: DD-J10S-96011-1811 | E99: 转接嘴 | F99: 转接嘴 | G99: =IFERROR(VLOOKUP(D99,[5]成飞半成品!$A:$B,2,0),VLOOKUP(D99,[5]九院成本!$A$4:$B$48,2,0)) -> 转接嘴 | H99: B | I99: 20 | J99: 20/钳工 | K99: 20 | L99: 20 | M99: 8 | N99: 8 | O99: 6P004 | Q99: 25 | V99: 8.3 | W99: 任俊帆
A100: 1/11 | D100: DD-J10S-96011-1202 | E100: 三通管 | F100: 三通管 | G100: =IFERROR(VLOOKUP(D100,[5]成飞半成品!$A:$B,2,0),VLOOKUP(D100,[5]九院成本!$A$4:$B$48,2,0)) -> 接嘴 | H100: B | I100: 25 | J100: 25/钳工 | K100: 15 | L100: 14 | M100: 8 | N100: 8 | O100: 6P004 | Q100: 30 | V100: 7 | W100: 任俊帆
...

Sheet Sheet2
A3: 机床号 | B3: 图 号 | C3: 零件名称 | D3: 数量 | E3: 工时 | F3: 占比 | G3: 费用分摊
B4: 2020-01-N-03 | D4: 40 | E4: 6.7 | F4: 0.00059945602
B5: 2020-01-N-12 | D5: 3380 | E5: 169 | F5: 0.015120607
B6: 2020-04-N-39 | D6: 40 | E6: 20 | F6: 0.0017894209
B7: 2020-07-N-67 | D7: 4700 | E7: 475 | F7: 0.042498747
B8: 2020-10-N-35 | D8: 5349 | E8: 640.7 | F8: 0.0573241
B9: 2020-10-N-75 | D9: 14 | E9: 231.7 | F9: 0.020730442
B10: 2020-11-N-21 | D10: 636 | E10: 186 | F10: 0.016641615
B11: 2020-12-N-01 | D11: 446 | E11: 38.7 | F11: 0.0034625295
B12: 2020-12-N-04 | D12: 471 | E12: 91.4 | F12: 0.0081776537
B13: 2020-12-N-10 | D13: 358 | E13: 28.3 | F13: 0.0025320306
B14: 2710A400004G010 | D14: 10 | E14: 1 | F14: 8.9471047e-05
B15: 3D | D15: 4 | E15: 12 | F15: 0.0010736526
... B305: 总计 | D305: 28159 | E305: 11176.8 | F305: 1
